// generated: 2025-09-20T00:35:14.373Z
namespace ADRaffy.ENSNormalize
{
    internal static class Blobs
    {
        // created: 2025-09-14T17:56:22.939Z
        // unicode: 17.0.0 (2025-09-10T16:58:18.331Z)
        // cldr: 47 (2025-08-02T20:26:29.295Z)
        // hash: 4febc8f5d285cbf80d2320fb0c1777ac25e378eb72910c34ec963d0a4e319c84
        // magic: 1 3 7 13 16 17 18 19
        internal static readonly uint[] ENSIP15 = new uint[] { // 31022 bytes
            0xD2AEFDED,0x421F100F,0x7E74243F,0x71EBC2F3,0xAF9B03D7,0xDA00E116,0x4172ECC0,0x32D4E8F5,0x9DC6ADC7,0x1DA2F5E6,
            0xA4397D34,0x85FE2457,0xCD239A03,0xD066194A,0xB7B81C21,0x00E566FB,0xE3F5B5F1,0xD7C54B8E,0x07AE9087,0x97AB51BE,
            0xF12FFA87,0xD8611B6A,0x1E0B7283,0xF007AD65,0x301DA00E,0xC232C83C,0x350F3338,0xCEBB3CE6,0xBB5AD4BD,0x16E6B34E,
            0xEBB0AE03,0xE8007A9E,0xE1B1DF00,0x1FC00FC9,0x5C783E94,0xCD3C002E,0x3B46988F,0x7B407120,0x7B068DE5,0x54C74BF4,
            0x5B1C680E,0xF8B65A39,0x0203B201,0x06F440E1,0x8003A061,0x600FD447,0x62C871AE,0xCB8C83A0,0x587ED15C,0x9EA00721,
            0x4720D814,0x1CA60E03,0x1C830AAE,0x76E43A70,0xF040E3E0,0x19C161A4,0x1AB4000E,0xAE7ADEE6,0x938F5209,0x70C53CCE,
            0x0621C4CB,0x16A6651B,0xA6651987,0x6C1AC716,0x198716A6,0x62D4CCB6,0x1AC5681F,0xC6B99EA7,0x651A0601,0x18071AA6,
            0x4219E468,0xB28EC38D,0xF67E1B70,0x721A3621,0x18A7B1D1,0x00780CAA,0x531A827C,0x43D86C1F,0x46A9871C,0xD9D4751D,
            0x00FED997,0x7407A0C2,0xD1601E66,0x729D4749,0x9B46A19A,0x8403E66B,0x7C038C71,0xA74F4287,0xD83B301C,0x9553C9BF,
            0x7E2FE34E,0x29A562A0,0xB47B9C27,0x7AD8A6E9,0x49A6498C,0xC07EA265,0xC8C63DB8,0x1F4C8F51,0xC2658803,0x5B074403,
            0xBED03AE6,0xEE3382C8,0x030CED3C,0x38E8B64E,0xC530CF23,0x03E569D0,0x10CDA314,0xF6261C5A,0x43490779,0x01C3B92D,
            0x92E63697,0x207E6C3B,0x896780E4,0x1B4800E5,0xF43AF267,0x0FA40774,0x87E5B488,0xB08077D9,0x56070E40,0x5FB29A07,
            0x32307BF1,0x3D67C527,0x6AF3369C,0xE2E8868F,0xAB07A4C6,0xAC7DC0EA,0x99C7B003,0x1F355867,0xD443A959,0x20FFC070,
            0x03D741E3,0x0F5C07EE,0xCFF96FAA,0x8D01E33B,0x2D0BE203,0x8D4310CD,0x8C934D68,0x0300FB1A,0x28D038A6,0xCA38CC43,
            0x1EB43DD0,0xC307290C,0x6E5B1D00,0x2189603D,0xA1221AA4,0x714910D5,0x28621A80,0x4201C069,0xC6B19D88,0x518A621C,
            0x07969547,0xCCA0D41B,0x3143BD34,0x8CE300F0,0xC3C0E731,0x50E03A0D,0xC7D1A061,0x9987731A,0xCA619C67,0x941A069A,
            0xC8634792,0x8A1F0601,0xF2520361,0xC48E0340,0x29A4D1D0,0xC0C036E4,0x1A7C370E,0x8661D064,0x190CC30D,0x38D06287,
            0x100E0F40,0xB4790F5B,0x781A7C34,0xBC189A94,0x250038A6,0x180641E7,0x741A4614,0xCC403AD0,0x1C4038C5,0x569F0CAA,
            0xDCB23B5B,0x648663C4,0xFCBEBD76,0x350E8350,0x13292F64,0x12838019,0xACA3FB69,0x3C481C29,0xFE007F10,0x4D838600,
            0x9360C339,0x98D43CCD,0xE5360CF3,0x2DE0610C,0xDA669A06,0x7E99435D,0x1BE729A1,0xF75D8570,0x9C0619D4,0x00E300FB,
            0x1BCB1E83,0x7ECC80F0,0xE866F407,0xAA80748E,0xE59803E6,0xFCD3F822,0x03B46988,0xDB40073F,0x360E53A4,0x909301D5,
            0xB9D95D1E,0x9BECA3B4,0x6C807E2C,0x387AB5C5,0x01DABC80,0xD872DD60,0x6C7C0F15,0x83DB5F6C,0xD200E929,0xF2E2073A,
            0x0E03B901,0x41EC2D03,0xA2BD873C,0x3C7460FD,0xEA007D9B,0xAE1FF129,0x101C830A,0x0876E439,0x1791F06C,0xCA00E199,
            0x35AD83DC,0xC7A904D7,0x734D6749,0x90D0BA0F,0xDA32AD03,0x38E6B328,0xE6B360D6,0x679D8611,0x280E81C8,0x40C038D6,
            0xCABD0FEB,0x3EAE9B68,0x2E4346C4,0xB1AB5CBA,0x4A529494,0x4A916D03,0x310F211C,0xC3D921E4,0x3A8EA354,0x1F835CEA,
            0x50803C60,0x3CA03F06,0x1F0340DB,0xFE7A9A00,0xA99873D1,0xD02FD4CC,0x03B74D3D,0x56500755,0xA9BA6D1F,0xEE3546F3,
            0x8FC4CA94,0x4018FFFD,0x201E132C,0xD732D83A,0x1645F681,0xF500F19C,0x994E030C,0x2F2719E7,0x6B10F531,0x23440397,
            0x5F4130CD,0xFA65EC60,0x03860366,0xB48C3DA6,0x6D9B80CC,0xF6F80E9E,0xE007EE03,0xD79338F2,0x0364EBA1,0x203FE01F,
            0xB61F975C,0x08071D86,0x18D81D8B,0x612BEA68,0x0E26460F,0xD6639270,0x268F2BC3,0xD46D01F8,0xE0386A21,0xA0F1907F,
            0x03F701EB,0xB7D507AE,0x350DA91C,0xE0681979,0xB10C06E1,0x8A60300F,0xC0C08E21,0x208114DD,0x2462D325,0x62902210,
            0x4EC42168,0x3008B689,0x5521E0D8,0x84062108,0xC180C201,0x0D2100E0,0xC18A7218,0x4180C030,0x1A0CA818,0xA104AB62,
            0x90A69344,0x0F0300DB,0x31087C33,0x20E032A4,0x901A075D,0x03A86201,0x114952F5,0xC5B01A06,0xC52606D0,0x794C6AC1,
            0x7343A1A8,0xAD3B91B4,0x0CA1D00E,0xA5306C35,0x6A18071C,0x26525EC8,0x1C1B0032,0x40E14D65,0x03F881E2,0x06B007F0,
            0xFA41C4DB,0xB60F3338,0x389B60C9,0xF48366C8,0x24DB06B5,0x20D9B00F,0xE8348B7D,0x619D6981,0x6DD7B9C0,0x39C31F4B,
            0xE6407C80,0x0728CD20,0x2FA00EB8,0x69F7A176,0x007D8CFE,0xAAC800F6,0x1D301D03,0x3603AA6C,0x9CECAE8F,0xF51E9389,
            0x03907F19,0xD42E0BB8,0xD20E5C0F,0xEC250B57,0xBC5D8714,0x07E60387,0x1E180F40,0x00E21AF4,0x2C4392D2,0x80FB107E,
            0x188F52C7,0x4EB8FCD4,0xE1E8681E,0x2AC830AA,0x39C6DC87,0xC8F83FB8,0x0070CC8B,0x0EC1EE65,0x7A904FE0,0x34D6749C,
            0xD707A0F7,0x7AECB80F,0x4DD06360,0xB9745D07,0x8A01E356,0x1CF3B903,0x734C3AA4,0xF280EB30,0xB65807CA,0xD382F79E,
            0x3AA7FC61,0xC0E1B073,0x838F2A4F,0x01FB18F6,0x732D83A2,0x245F681D,0x81E337CC,0x38A6799A,0x72807EE0,0x32FA09F1,
            0x01E580E5,0x073603A7,0x1E780E3E,0xF4E839F6,0x49E29508,0xD60F59E1,0x3AB8253C,0xFC070D44,0x741E320F,0xC07EE03D,
            0x96FAA0F5,0xCA3D0D23,0x81979350,0x406E1E06,0xA60300FB,0x7908E218,0x10C10848,0x0338CA49,0xA0706A4D,0x40482101,
            0x4C85344A,0x18E06C18,0x11880604,0x90842001,0x0D4300FA,0x44CA4BD9,0x8FDE2006,0xCD02E09F,0x46B80700,0xC39885B1,
            0x039079A0,0x9E8DC322,0x207A18C6,0xC01E200F,0xB1E87819,0x80E01E86,0x360CED52,0x0DFBFEF0,0xE4078033,0xBC003DC6,
            0xD9CC6A80,0xE06D8638,0x5D441F68,0x083AC754,0xD556979C,0xA9800E01,0xAAAAAAAA,0xD541AAAA,0xD739AB12,0xAAAA43A8,
            0xF2A4F9AA,0x567C8641,0x77A9E46C,0x0799D551,0x075AD6B6,0x2C03DE76,0xD3A20C43,0x3A4034C6,0x69107700,0xAA8813AA,
            0xAAAAAAAA,0xAAAAAAAA,0x36AAAAAA,0x4A074ED3,0xF00C3C97,0xD81DC1CA,0xE403D5C3,0xF26D0803,0xDC31B2D7,0x321B8001,
            0x496E0C25,0x0E5A82DA,0xFB3DEF23,0x560F0366,0x30E6910E,0xC6A344F8,0x903A0681,0x9CA59071,0x3BFE3B71,0xD0F938E8,
            0xEF039AC4,0x2960DB9B,0xA0CE36B6,0x3E973487,0xF5C87FD6,0xBB01ED40,0x403A2729,0x8BA8E23E,0x47D40D3E,0x6A207A0B,
            0x01F734D0,0x1EA7C9D2,0x4601AC7B,0xC536383E,0x46C1D001,0xD1C6731D,0xC539AD6A,0x480731C3,0x380EB00F,0x78663D68,
            0xE8D4F440,0xF55D4563,0xCB1F56F1,0x12DE7A5F,0xF67520D3,0xA948EADC,0xC3D303D7,0xF4FD3F4F,0xA1798FD3,0x1A6B88FC,
            0x5C300EB1,0x9AA7341C,0xC74300CA,0x1D35F07C,0x24F59D50,0x9D0EDBEA,0x8691D266,0xA0CA3B24,0x44D43AB1,0x984B4E6D,
            0x290B7A6A,0x7045B41B,0x81FAE580,0xABD883A1,0x90ED3E0D,0xE7104D93,0xD074F038,0x16BDD077,0xCCBEC03A,0x940E3398,
            0xD680F506,0x98D1E901,0x2149FA63,0x4EAF9A63,0x6BED06DE,0x03143F4C,0x88C6B30F,0xEB0693FB,0x9CDF6D5B,0x0E90D260,
            0x9F3C1CC1,0xAC7C980D,0x671C6751,0x5406C1FC,0x320EC952,0xB86988C8,0x6B1B2791,0xE70EC1C9,0x87AAFC3D,0x08421A77,
            0x42108421,0x10842108,0x84210842,0x86800E10,0x69471163,0x84210843,0x21084210,0x08429084,0x4210A421,0x94A52D08,
            0xA50340DA,0x621A4F36,0x1A8696A4,0xD183A525,0x5A521887,0x084ED0E0,0xA6108661,0x1084210F,0x84210842,0x21484210,
            0x08421084,0xC2340F93,0x380FB160,0xA5294A4F,0x6920FEB4,0x81D23CE8,0x084210A4,0x42108421,0x10872B0A,0x84210842,
            0x21084210,0x08421084,0x42108421,0x94BB6108,0xA5294A52,0x294A5294,0x4A5294A5,0x4694A529,0x94A53A1B,0xB06D20D2,
            0x8340D034,0x4BC694B5,0x5294A529,0xB40D294A,0x84210856,0x21084210,0x08421084,0x42108421,0x10842108,0x84210842,
            0x84215483,0xAE85C216,0xD0375D87,0x210FBC43,0x3BEF7084,0x8302550D,0x210A08DD,0x08421084,0x42108421,0x10842108,
            0x84210842,0x24184210,0xB8425084,0x99B0FADF,0xC0687A36,0x42198421,0x19843398,0x98330967,0xC003B58E,0x10842120,
            0x84210E06,0x2D52C210,0x4A428100,0xC760C021,0x8F218E50,0x80EAC07C,0x41844877,0x108E29D2,0x63C929C2,0xC233C324,
            0x4478C1C3,0x1C1684F3,0x783B0D21,0x908EA218,0x0C3C1D86,0x10B42BB1,0x84210842,0x210842C5,0x08421084,0x42108421,
            0x10842108,0x8421E4C2,0x21084210,0x08421084,0x42108421,0xE400E108,0x210B7763,0x08421084,0x42108421,0x10842108,
            0x84210842,0x21084210,0x08421084,0xC2108421,0x94A5295C,0xA5294A52,0x294A5294,0x4A5294A5,0x5294A529,0x94A5294A,
            0xA5294A52,0x694A5294,0x01C03488,0xF723A7A5,0x505EB1C4,0x0D2362F3,0x8372D531,0x91D5378C,0x9A068580,0x3609BC64,
            0x03986098,0xA6980735,0x21A6601B,0x8A6119A6,0xE69AC6F5,0xB001DEA8,0x0C9370C3,0x0758CC36,0xAC330EE0,0x926CC076,
            0xA8DA2671,0x6A1A921C,0xE80E11B8,0x01C0360D,0x1846A183,0xC631876C,0x0476803A,0x8E09A560,0x00700DF2,0x2611B467,
            0x83806458,0x76CD9331,0x49AF6CDC,0x886C9AB6,0x601BD641,0x8727E3B6,0xA01B865E,0x3A56360D,0x6C907180,0x43384380,
            0x10C835AD,0x19A01D83,0x20DF20E4,0xCAB18C6B,0xC6418541,0xC0720438,0x4703A069,0x3A564807,0xE0207564,0x5B34D3F0,
            0x30DFB3AC,0x0071CD03,0x5443A86E,0xC4310C83,0x03B4A368,0xE3A06D28,0x261D3304,0x83926E18,0x001C2335,0xC9F0E959,
            0xB3CCA328,0xE19041C0,0x366839F6,0x098C41CB,0x77483806,0xC380ECE0,0x1B1C0340,0xDD40E21A,0xCAB2AA81,0xDA118901,
            0xE6B80720,0x03A4681A,0x03B4EB23,0x839C6527,0x720DAB76,0x32A86800,0x62874CD4,0xB50DA50E,0x0D8344D0,0x636B16D5,
            0x34C2300C,0xCDB60CA3,0x3079ED28,0xFF8CF097,0x038981C3,0xC2A607A3,0x0E10C981,0x421084CC,0x6E3D5038,0x1A4C5308,
            0x84210842,0x84A00E10,0x21084210,0x08421084,0xC2108421,0x6070F601,0x4034B42B,0x0FEE074B,0x9F03A47C,0x52D0A521,
            0xD284210A,0x80641A86,0x40E10303,0x84CB0875,0x43484432,0x72C1A795,0xF780EE20,0xE88BAC45,0x68F9CCF3,0xF92D1E47,
            0x1D5E93AE,0xC17E6C3B,0xC5C14CF0,0x0F31B385,0x24B5EC3A,0x484290A7,0x4210A429,0x9D2AA0F8,0x77023B28,0xDC08ECA2,
            0x6513B811,0xC08ECA27,0x023B289D,0x08EE0477,0x3BB811DC,0xF5616FA3,0xEF01DC40,0x8017588B,0x931C528F,0x3476263C,
            0x03DF24F1,0x73C4B907,0xEC64F8FC,0x2A789963,0x8E81779B,0x7F6C1C00,0x728F07C0,0x3DC8E1FD,0xFA07B1E4,0x1FC668FB,
            0xF689DF6D,0x64FBF687,0xF3EE9E8D,0x6487A011,0x9E1B58F6,0xB091EEA3,0xB0F50C87,0xF399E7C8,0xED65CD3E,0xE817A703,
            0x0E687F56,0x69F39E8F,0xED253D03,0xC18F60D3,0x4294A532,0x94A5294A,0xA4A94A52,0x21084294,0x094A5294,0x52948421,
            0x14842108,0x98587842,0x42108421,0x10842108,0x84210842,0x21084210,0x08421084,0x42108421,0x10842108,0x84210842,
            0x21084210,0x08421084,0x42108421,0x10842108,0x140B7842,0xD1F70A8F,0x7CF61D13,0xA08FC6D8,0x73CED4F9,0x40D9E13B,
            0xA7B7053F,0xE3EC7901,0xD083D2C2,0xE67758B9,0xC1CD90EA,0x8F2573A7,0xC568FE26,0x01A3A7B1,0xE6E5800F,0xE79085C2,
            0xE7527CA6,0x2D9CA5C1,0x0F59E079,0x2219E35E,0x079A903E,0xE4AC75CD,0xDC3F54D1,0x8F203394,0xC202FF09,0x59539C19,
            0x19EB1B0F,0x38DE1E81,0x8580F238,0x7D9CA74E,0xB1724938,0x01C074EA,0x173973A2,0x1C3F8E7F,0x8A547989,0x778E7507,
            0x7BB89E9C,0x81E6CD73,0xE3613F8D,0x8B0F03D3,0xEDD378EE,0x0F6233DA,0xC1F2ECDC,0x163E6ED3,0x38E36B75,0xDB83C1C8,
            0x1EC3076D,0x3333DE7C,0x8F175C7F,0xC7D47967,0xEBAC7680,0xF103CEF4,0x18FFAABB,0x3CEECFD6,0xF1A7BB42,0xF8E96B7F,
            0x383303CC,0xC848F12C,0x63DF351F,0xF52FBDBC,0xCE1F6A80,0x07DC39CB,0x9898F537,0x9C3CD44F,0x67605B9E,0xEAAE1E38,
            0xA47A3723,0x1F2297A3,0xFDC3C8BE,0x8F00C07F,0xCDC8F8E6,0x7307B601,0x4E8420F6,0x39E05D85,0x2974F0EB,0xDC9C210F,
            0x96716538,0xC5C5F2E2,0x73E187B9,0xC2F8E1E2,0xFB7DCF26,0xD89CCF81,0x4F32E478,0xDD68F150,0x5523B501,0x0F0E2257,
            0xF93B7D1D,0x88EA7C71,0xCB939DCD,0x8E0F57A7,0xEDC33C8E,0xAB877103,0x83CC7A1E,0xF62C3AB7,0xCE0FD9D8,0xBF3A0B1D,
            0x2ED200F3,0xF48A3F82,0x952705F3,0xE11CE30E,0x0745607A,0x1C6EAE4E,0x4AC07B98,0x600EBE27,0x0E7B441D,0xE7B98FF1,
            0xF49D07C1,0x0FC4D27B,0xDE08FA84,0x1803BCD5,0x484EA897,0xA13B879C,0x9AEAE777,0xA78CDDDB,0x86F8FFE8,0x83FF599E,
            0x76603AD4,0xCD10E90A,0x68438529,0x0C4EB347,0x67A4343C,0x3E00FEAB,0xB3D4049E,0xF4A9BF81,0xE11E3100,0x3E6BE3DB,
            0xE7167174,0x7523DA9A,0x87F41679,0x5D102E85,0x73783A5A,0xC3F8EA88,0x74C38ED9,0x112E4A97,0xE651758D,0xEB33D164,
            0x0F36687E,0xED61FEA5,0x407B051C,0xE2600F5C,0xB011DED4,0x7A7A1B27,0x9C3781EF,0x70403FAD,0xE632EB48,0xF287E1E1,
            0x9F4A34F2,0xB413D184,0xCB46FB5D,0xEC8785F1,0x1FD088F3,0xC919C550,0x567210C7,0x8DC7B6F9,0x7A72C7CF,0xDB84FB2B,
            0x55DBAA91,0x11F0A20F,0x3B6B1DC1,0x20D735A2,0x906C3D4B,0xD47A5287,0x49C10CE5,0x076F93A1,0x8D6BCE01,0xB889DCB0,
            0x29A7849B,0xC1F86D9E,0x8742038B,0xA039A6EC,0x80EE0470,0xC3AE01C4,0x8EC40764,0x7C750DDD,0x42DE20E8,0x318EF807,
            0xB039C81C,0xA4EF5872,0x839E81D6,0x0EE04761,0x39361C3C,0x616072A1,0x681B0718,0x81C2D590,0xBE0E3DAD,0x609BDE1C,
            0x071B83B3,0x1D8B0E72,0xD330E388,0x41038B89,0x3B366487,0x91C1B554,0x675E03A5,0x6DD60E66,0x7F01E4F7,0x30FC5894,
            0x9AE27C24,0xC00E52C7,0x0C3D161F,0x9021CDB0,0x1CF48E75,0x00EFDD00,0x03B311C4,0x46320714,0x1074983B,0x20D4D8E8,
            0x3BF6D207,0xE8C07338,0xA081E000,0xED640F15,0x00ED2875,0xFD0746D9,0xE81D360E,0xEF1CDB69,0xC850E3D9,0x0F51AAA1,
            0x3BB41C90,0xE2FA7684,0xAB01E694,0x40873603,0x706C140E,0x981D2B90,0x038A6319,0x8A1E4344,0x30702C3B,0x41CDC0E5,
            0x871503B6,0x1C820EA0,0x70D03843,0xD830EA2C,0x0ED18001,0xFCB16C4E,0x03F47946,0x0E300770,0x3B5E1D39,0xE4707578,
            0xA0F1C320,0x74072203,0x37CC040E,0x49476ADC,0x1F7D444E,0x96BC0696,0xF4FE63F1,0x3F1CCD84,0x84AED381,0x1F9F623C,
            0x6007A979,0x63B3483E,0x08483096,0x1903A4C3,0x30120140,0x30003020,0x900CB020,0x81013980,0x20600402,0x031A32A4,
            0x10301933,0x0C0880D0,0x20060041,0x58106300,0x490A9810,0x31A40614,0x98207008,0x19C03E03,0xC1935879,0x02043B4F,
            0x02004081,0x20040801,0x40080100,0x40810200,0x08010020,0x10020040,0x60040080,0x01002010,0x02004008,0x20408010,
            0x8707A700,0x10842128,0xB1610842,0x21084210,0x08421084,0x42108421,0x30842108,0x84210A75,0x21084210,0x08421084,
            0x42108421,0x63C04F08,0x29E803F0,0x4A55B4A5,0x80716EF3,0x4294A532,0x94A5294A,0xA4A94A52,0x21084294,0x094A5294,
            0x52948421,0xD4842108,0x8786500E,0x4C0E1957,0x303D181C,0x864C0E15,0x84266070,0xEA81C210,0x62984371,0x084210D2,
            0x00708421,0x42108425,0x10842108,0x84210842,0x76201E10,0x87E06218,0x245077EF,0x2929F084,0x10842108,0x84210842,
            0x21084210,0x08421084,0x42108421,0x10842108,0x108881C2,0x84210842,0x21084210,0x08421084,0x42108421,0x10842108,
            0x10BA81C2,0x84210842,0x21085210,0x08421084,0x42908421,0x14842108,0x1085FACE,0x84210842,0x21084210,0x08421084,
            0x42108421,0x10842108,0x84210842,0x21084210,0x29C07084,0x08421084,0x42108421,0x10842108,0x109BD5C2,0x84210842,
            0x21084210,0x08421084,0x42108421,0x28BC2108,0x0842108F,0x42108421,0x10842108,0x84210842,0x21084210,0x0842176C,
            0x42108421,0x10842108,0x84210842,0x0CD1EDF0,0x42108421,0x10842108,0x84210842,0x07084210,0x21084320,0x62C21084,
            0x42108421,0x10842108,0x84210842,0x61084210,0x084210F2,0x42108421,0x10842108,0x84210842,0x21087930,0x08421084,
            0x42108421,0x10842108,0x843C9842,0x21484210,0x08421084,0x42108421,0x10F26108,0x84210842,0x21084210,0x08421084,
            0x79308421,0x10842108,0x84210842,0x21084210,0x98421084,0x4252853C,0x10A42109,0x4C210842,0x2948421E,0x48421084,
            0x42108421,0x1E4C2108,0x84210842,0x21084210,0x08421084,0x26108421,0x1084210F,0x84210842,0x21084210,0x08421084,
            0x42148793,0x10842128,0x84214842,0x21A4C210,0x08421084,0x42108421,0x10842108,0xF2610842,0x29084290,0x0B521084,
            0x26108421,0x1084210D,0x84210842,0x21084210,0x08421084,0x42108793,0x10842108,0x84210842,0x21084210,0x0843C984,
            0x42108421,0x10842108,0x84210842,0x21E4C210,0x08421084,0x42108421,0x10842108,0xF2610842,0x21084210,0x08421084,
            0x42108421,0x30842108,0x84210879,0x21084210,0x08421084,0x42108421,0x10843C98,0x84210842,0x21084210,0x08421084,
            0x421E4C21,0x10842108,0x84210842,0x21084210,0x0F261084,0x42108421,0x10842108,0x84210842,0x93084210,0x08421087,
            0x42108421,0x10842108,0x84210842,0x210843C9,0x08421084,0x42108421,0x10842108,0x8421E4C2,0x21084210,0x08421084,
            0x42108421,0x10F26108,0x84210842,0x21084210,0x08421084,0xF4708421,0x42108424,0x10842108,0xF0610842,0x21084261,
            0x08434984,0x42108421,0x10842108,0x10842112,0x78BEC3C2,0x0D25F038,0x84391DD7,0x21084210,0x08421084,0x4261F061,
            0x49842108,0x84210843,0x21084210,0x21121084,0xC3C21084,0xF03878BE,0x1DD70D25,0x42108439,0x10842108,0xF0610842,
            0x21084261,0x08434984,0x42108421,0x10842108,0x10842112,0x78BEC3C2,0x0D25F038,0x84391DD7,0x21084210,0x08421084,
            0x4261F061,0x49842108,0x84210843,0x21084210,0x21121084,0xC3C21084,0xF03878BE,0x1DD70D25,0x42108439,0x10842108,
            0xF0610842,0x21084261,0x08434984,0x42108421,0x10842108,0x10842112,0x78BEC3C2,0x0D25F038,0x1A963DD7,0x84210842,
            0x210F0610,0x08421084,0x42108783,0xC1842108,0x84210843,0x21E0C210,0x08421084,0x44A347E1,0x10842108,0x84210842,
            0x21084210,0x08421084,0x42108421,0x1B5A51F8,0xC262995A,0x0338D43E,0x1EC61087,0x4761B068,0x190CBD18,0xA5281A4A,
            0x32076E03,0xCE5334DB,0x61087030,0x1B0681EC,0x87118476,0x36B0650C,0xC0619862,0x7540F634,0x1C071184,0x3B701DAC,
            0x99A6D990,0x0671A872,0x81EC614E,0x84761B06,0x650C8711,0x0EC694B0,0x26164CAD,0x338D43EC,0x0F630860,0x23B0D834,
            0x0C865E8C,0xD2940D25,0x314CAD98,0x9C6A1F61,0x7B184301,0x1D86C1A0,0x6432F461,0x94A06928,0x328F134E,0x8421087A,
            0x21084210,0x08421084,0x42108421,0x4F37FC78,0xEEACE8A8,0xEA47E8B9,0xAE01B0FF,0x88413D24,0xC5797027,0x5DD9C1FF,
            0xFA16B8F5,0xBE6F60C0,0xE07E76DC,0xFB2C0F3D,0xEF9C0EB1,0x4F51707E,0xF1C4FCEC,0xE1B9A543,0x41EDE07C,0x8CF10FE1,
            0xEF089E3F,0x40D3F3BD,0x8B1EF377,0x7FAD63C4,0x2D074BB0,0x43E68D1E,0xEC673B31,0xF24799ED,0xA9EFF47E,0xC3A13C95,
            0xEC2FA36B,0x42108439,0x6F3C2108,0x0FC43EBF,0x421F8E51,0x4690079F,0xC0720038,0x4803966C,0xF5F43E93,0x3F75411F,
            0x1907E524,0x621F9C6D,0xB8023F03,0x42D2C61F,0x7E9EC43F,0x708EED88,0xDB28F494,0xA7F53F10,0x8E4BEA7E,0x1F7B30F4,
            0xCB30DD16,0x38B0F00D,0x9A56D61F,0xC261A266,0x360D6B18,0x254314C4,0xF0B321F8,0x61F6E903,0x43F04E0C,0x9C87EFCE,
            0x1C1340E9,0x38203B28,0x1D5B6CDA,0x9F6A9BC0,0x8260E6D1,0xE51B06B1,0xD4C1DE10,0x01071983,0x7F2139E7,0xEB60E456,
            0xF01C5342,0x01E2303C,0x67EA1F9B,0x0735D43F,0xC1BC6518,0x05A1FB76,0x4D0FD7B4,0x3B8655C7,0xE9207C80,0xF48E9991,
            0xE236E3C8,0x0FD44E87,0x4609FF6D,0xEE87EE19,0xF2DD0FC0,0x1C218E41,0xED147F5D,0xA465928F,0xFF6B5803,0x61F92230,
            0xA0C3FED0,0x698187E7,0x4080E31E,0x8FDB5478,0x0999691A,0xC1D47B96,0x7E3B1A3F,0xEA3F0634,0xFBC652BD,0xD3F60969,
            0xF987F722,0x57083F0E,0x8F33291F,0xB2C7FA86,0xFAEDE3C6,0xC43A6271,0x347D09A3,0x350CEB27,0x47B081D7,0xA3E33C07,
            0xFD61FB33,0xFE3AC3F6,0x714B4780,0x1BE6F1A5,0xC6559871,0xB30D536B,0x79BC01D7,0xB0FDD80E,0x8F61FBBB,0xB901FBBC,
            0xFC700E69,0x61F84FB0,0x7E807C8F,0xFD64C7DA,0x98266F98,0x1CC7C165,0x667958FD,0xF4D2E1F8,0x60F879C3,0xC7E581C1,
            0xCCD8FABA,0xBCF85B1E,0x3CA9660F,0xBC039928,0x69E3390F,0xA7D23EE2,0x430ED036,0xFB50F0FF,0x38F960B1,0x1FE80E36,
            0x87E75844,0x770FD8BB,0x07CA03E6,0xF1971E0D,0xC0381AE3,0xC0E40071,0x9B770FD3,0x8FA0EE1F,0x46F1FBE7,0xFA0AF0FC,
            0x78FD85E1,0xDF6F1F03,0x1F84D30A,0xCB0F58BE,0xFCAB61F3,0x11FD99F0,0xDFC3F4A0,0x8203A47E,0xDB165607,0x46C5C362,
            0x5F87E119,0xC97F0FC5,0x3CBB3683,0x5427EBC1,0x47F87F56,0x3D2408FD,0x5FC3F064,0xFE1FB56D,0xA67407A0,0xFFC44FCE,
            0x33ADEC89,0x203F46E0,0xB3807ECC,0xFA6C08FE,0x23FC0811,0x9047E538,0xFCD308F7,0x11FB3B08,0x8FC13A16,0x2C83B688,
            0xC72A223F,0x4FCC9278,0xCA49E2D2,0x2652A4F3,0x03BC6098,0xF96A4F00,0x88FC4749,0x6B11FACD,0xEF0E23FA,0x0FE76C47,
            0x6C1F95F6,0x32923FC9,0xF7103926,0xB8740013,0x23F72B27,0xA645C5D9,0x1F9C91FA,0xA6C9E658,0x27AC393F,0xED007FFB,
            0x8FC85827,0x769DE474,0x3FE2F27B,0x647E7F21,0xFCC8FEA2,0xE647E65B,0xA7BA01E1,0x3314FB70,0x47E01A86,0x19C1C2EE,
            0x3F9DE47E,0x489FD945,0xF9F23F13,0xFCEA53CB,0x23F14289,0x6F29F16F,0x3EB0153E,0xA0928FC3,0x4FDDC51F,0x02A9F385,
            0x53CFB36D,0xAB89FF4D,0x5C4FCB37,0x6E789FC5,0x7F98CA3F,0x28FDFD94,0x30203F1B,0x824A8FCC,0x2A3F1003,0x81547FBE,
            0xFD3CA8FD,0xA3F2AA21,0x3269F22F,0x9A78C01C,0xE7734FA6,0xF8FF84D1,0x89E91AD4,0x43F10E77,0xAADCBAA8,0x4FDBAE7A,
            0xB1C0687B,0xE3E4BF1E,0x2D434A77,0xE881A3F1,0x66F10347,0x400E8007,0x503C881D,0xB501D4B5,0x4C07BE83,0x1A3F68D2,
            0x1C1E0EA8,0x3749FC28,0xD281F4F9,0xF67A3F3C,0xFE08F47E,0xC9FB0668,0xB27EDC8C,0xF8EC1DA0,0x0CFC26C9,0x261B8605,
            0x81FB36ED,0x940F65A0,0x67DF401C,0xFCB4679A,0x7B66A38C,0x44CFA1C6,0xF6E8FCA4,0x3A95D1FB,0x7F1933C8,0xFC2F00A6,
            0xCEB9A7F9,0x229FB381,0x733C43A3,0x0708038A,0xFCC20E1A,0xD1F9C018,0x01D13F6F,0x3F7403AA,0xECDECE86,0x7CF977F4,
            0xABBEF5E4,0xC8E5DF4A,0x663F7C03,0x31F9A6AA,0x61807E45,0x0DD31FB6,0x0FB3A63F,0x09681C36,0x390F6807,0x5E63F74C,
            0xF28CC7E0,0xEE7C3773,0xDEE63F5D,0x3FA59A7E,0x98A7864F,0x7E3494FE,0x241D772C,0x3B3769F8,0xFA92F3D8,0xD3F53EB1,
            0x33A7F489,0x688D8FDF,0x95B1FA66,0xF71363F0,0x6F3F2D79,0xD34E03A3,0x57BCF76C,0xFD71FA7F,0xB83C6FD8,0xF9E1E074,
            0x02F2CF2F,0x899C7EAC,0xFC270CFC,0x30709E19,0x8FCF80E2,0xC417C273,0x067A82FF,0x41A86418,0x0B71F816,0x007D4710,
            0x138FC3E9,0xE0698953,0x74E19803,0x9DA8E1C0,0x32E0729C,0xA86DC864,0x2390D238,0x655E584F,0x1A9A5BEA,0x03D300F1,
            0xAE170C80,0xE0698C67,0xB1A9065C,0x70F4390F,0xC13A8703,0x7E2CAF90,0xB39983BC,0x6A1CDCAF,0x4B018370,0x4C461184,
            0xC1388431,0xE434ECF8,0xF6916BBA,0x087D7118,0xAB721086,0x46B5A529,0x908F2348,0x623E800E,0xDD88F29B,0xD619D9F7,
            0x1FF1E41B,0x8108D4A5,0x30624294,0xA4291806,0x09880612,0x1814884B,0x7B403488,0x00008F02,0x068D8004,0x1A58384C,
            0x87818470,0x390D2C1C,0x61C06918,0x9D940C06,0x00080001,0x93D60400,0x01EC3E53,0x03022400,0x04090001,0x48010480,
            0x08418040,0x00800024,0x80042400,0x80099CC6,0xD3248304,0x3D040C48,0x1E869AB7,0x4D21A8AA,0x93AB2619,0x8D64334F,
            0xC23E8CE3,0x1FFEA7F0,0x7C3C0001,0x79F0FAE6,0x78000000,0x3C00D4F8,0x22C39A7C,0x1FBB11E5,0x8437D900,0x0813D2DD,
            0xE400FC1B,0x0E21A801,0x18801E90,0xC699D168,0xC18C7D19,0x99F36219,0x801D900F,0xD9C66ADF,0xD1821B06,0x03821B07,
            0x362CB3A4,0xD7280706,0x6409FD1A,0x08421087,0x43C18421,0x91BB6108,0x41D86387,0x28000180,0x0348F230,0x0D76140E,
            0x42108421,0x10878308,0x84210842,0x036AC3C1,0x03888A70,0x24C2016A,0x4CA93000,0x93293001,0x00538A4D,0x01260693,
            0x80029F26,0x49849989,0x30931241,0x4E224829,0x5308A4C1,0x12471300,0x93A4C093,0xC5382C4D,0x93014EA4,0x64E9364E,
            0x14E29E4C,0x8A641393,0x7C9B2749,0x64E3898A,0x83771A70,0x6E1B3698,0x092034F7,0x0D602408,0xC47C3600,0xBB11E566,
            0x7A6AF66F,0xE7B4D5E0,0xE4B21027,0x322E5B5A,0xCFE310D4,0x63C2ED34,0x20ED338C,0x59528F23,0x47D9B064,0x8641DA1C,
            0x360D7308,0x4EB3B4E8,0x4360D735,0x35F4FBAC,0xE0000000,0xB18E900D,0x2462D86B,0x042800E0,0x194A0958,0xCCAAF080,
            0x00000000,0xE6557800,0x08229CB9,0x67267C07,0x410F260A,0x30FA7066,0x0538B4DD,0x0C193293,0xD0932D30,0xD932932A,
            0x1D5A1D00,0x93A4CAC0,0x33D38031,0x14E29305,0xD93F4C03,0x1C4C53E4,0x5A55A0A7,0x060032B0,0x00084183,0x64FD3000,
            0x0CFD3003,0x019D261D,0x1C00C3A0,0xF840E308,0xD730EC69,0x33C3B281,0x0C976787,0xDA961EE3,0x4F6800F5,0x53D40D29,
            0x94A7BC1B,0x31EF3A06,0x0807A4E8,0x7503C857,0x45835267,0xC3C80783,0x5B8380E9,0x72141EAB,0x18E2C1B2,0x82C25BB5,
            0xCAFC4E31,0xADE51DBA,0xE536CD86,0xE0038A81,0x3B63FC61,0xC074EE7B,0x01EBD0E3,0x83CDF3B8,0xFAF87A4E,0x5304EEAC,
            0xB8C0396D,0xFB9487C3,0x910C2300,0x95F92806,0x4C310EA5,0x038435EC,0x39AF4398,0x1C237CD1,0xB58B7D74,0x007A8D23,
            0x00F2D0BA,0x18010603,0xD13F0DA2,0x41B071B8,0xC1962A43,0xD0641E46,0x2980C034,0x8333520F,0x6200760D,0x5D56E9E5,
            0x9301F763,0xCE82901E,0x48609060,0x6C71E938,0x0601842D,0x03B44308,0x0384615A,0x19CD033E,0xA0E51806,0x733A3851,
            0x0E4E6DC0,0xC0350C94,0xBD4C0300,0x3D847B06,0x806A18E7,0xFA980601,0x601F733A,0x1887C1A0,0x8C7E806B,0x1CF62778,
            0x19BDEC20,0xCA3F0C23,0xFC308CC8,0xA7688F28,0x007B623C,0x027F4200,0x013CCB34,0x00800077,0xE03DC7C0,0x11C7EDE8,
            0x0000081C,0x08421A84,0x4AB08421,0x0F2E3E7E,0x92A9D0FB,0x09072869,0x9E910D2D,0x21086DC0,0x58421084,0x86148F26,
            0x4765E01D,0x19BABB9D,0x55E45378,0x4863C635,0x692390C7,0x31E221C0,0xC7218E24,0x18EF0C7C,0xF483E0F2,0x1D218EC1,
            0xB0721E43,0x431E2144,0xE25C863A,0xC863A431,0x0C789531,0x4C7218E9,0x081D0D31,0x04121025,0x3B428508,0x08421800,
            0x02B08421,0xA1824C9C,0x30203C86,0x0E4CE0C5,0x42108421,0x9484210A,0x84290A42,0x43AFC610,0x01EE310D,0x00000022,
            0x00480000,0x10020024,0x00180408,0x10200448,0x00418102,0x00004008,0x80010002,0x0A004000,0x9002F300,0x04004800,
            0x10222600,0x02040200,0x79800D00,0x02401201,0x60408108,0x00412000,0x06040842,0x20010201,0x00200400,0xBCC00A04,
            0xC1811224,0x48428C08,0x1126C634,0xC0C09818,0x02106248,0x0214C011,0x04C0C089,0x83124606,0xA6008810,0xA9430110,
            0xD184A010,0x38000199,0xC8DE3ECD,0x1B440C03,0xFC7F0612,0x0D1D9B25,0xC1CF523B,0x02E60E3C,0x0C9C1A30,0x0005763B,
            0x0383701C,0x741C006E,0x01D1A8E3,0x3B07C9B7,0xF7100458,0x26C1C34E,0x2DBAF100,0xC031C000,0x9110CB51,0xF0F24F87,
            0x7E1847A9,0x61199194,0x7E4651F8,0x11E55F44,0x4210863B,0xC1842108,0xD86013F3,0x871409E9,0x21084210,0x08421E0C,
            0xF331C3E1,0xB63ECC50,0xC184219D,0x84210843,0xAFE0C210,0xE0000C96,0xF28FB4D5,0x391E8BC2,0xAE1B1EEB,0x53FCD837,
            0x46E2B66F,0xC3B8EF83,0x029F4FE0,0x40378000,0x7B185E3A,0x515EC1A8,0x07DF2DCD,0xEC88724B,0x04025075,0x9C601068,
            0xC0008111,0xB1A561D6,0x00400280,0xC71618E0,0x710C4748,0x89474992,0x70320D39,0x81C26A18,0xFB8DA286,0x00007CAA,
            0x2973955E,0x1F46A327,0x0FC19868,0xC2A19480,0x0001A1D0,0x90000000,0x0E198207,0x896070C0,0x701CF103,0xC1831241,
            0x3E986081,0x8CC2D64C,0xC2D24C21,0xD24C218C,0xB4538CC2,0x9364FD30,0x9879314F,0x2610F26C,0xC9B27499,0xD2649843,
            0x8A7C98C9,0x3C98A7C9,0x985A4984,0xE616B27E,0x8984201E,0x86330B42,0x330B4930,0x0B493086,0x49308633,0xD14E330B,
            0x4C218CC2,0x61E4C2D2,0xE4C2509C,0xC2509C61,0x509C61E4,0x9C61E4C2,0x30C18250,0x85A10CF7,0x33DCC2DE,0x09C61B8D,
            0xC61E4C25,0x18CC2509,0xEA6924C2,0x53492610,0x8A493087,0xF9364E93,0x314F9314,0x4C930879,0x3C99261A,0x9D264984,
            0x2629F26C,0x10F2629F,0xB2749926,0x289843C9,0x24C21E4C,0x2610EA69,0x49843C99,0x4C53D4D2,0x2924C21E,0x8A6298A6,
            0x7298A629,0x0A531480,0x60C18306,0x860C1830,0x64984319,0x60B2605C,0x060C1830,0x9860C183,0xC6498431,0x93087A05,
            0x21E4E224,0x612610C4,0x90271620,0x9EFA9C48,0x28E632A8,0x1A4612A3,0x1C73F1F4,0x3E434B10,0x06A18980,0xC275013D,
            0x1D110E36,0x5A9CF730,0xCABFA098,0xDC90FC8B,0xBFD3CC06,0x0C26EC2A,0x0001D6B0,0x1DC1D11E,0x90AD4813,0x4D281842,
            0x2160C031,0x4F088624,0x3DD5E5F6,0xA663BA9F,0xA360EB51,0x0008FC4C,0x8F353E1E,0xD0CEEBE8,0xBA2D8354,0xD06DD8C6,
            0xF001D281,0x1D634003,0x930C0F20,0xBE6DA00F,0x79CEE3C5,0x39A7B339,0xD192709C,0x40FD18C7,0xF19B5AC5,0x62EEBE88,
            0x14C03C2C,0x5B274007,0x3BB72584,0xC0DFBF00,0xEFBE0DA3,0x48C3F34E,0xF9EFFB0F,0x99E69F9C,0x47618676,0xBF4E0349,
            0xA23C16C6,0x0B0D3BAF,0xC00E9187,0xAC1EBBAD,0xDBD6D33C,0x0302CDCC,0x073C2831,0x7988B79C,0x38C2669A,0x079A2591,
            0x03BE487A,0x510806DB,0xFA030B07,0x13CBE290,0xE2801898,0x1095D340,0x846140D2,0x1EB57027,0xC4360D35,0x1AE74A01,
            0x87C1BF77,0x616B0278,0x1DE79197,0xDAB8C060,0x3A0D839A,0xD04FA0C5,0x0705EC61,0xD900F798,0x69F74BE0,0x3F8C100F,
            0x27C801C1,0xA4C93508,0xFC380CCB,0x39CCF3A4,0x3A0D8317,0xC521F158,0x9E9604F0,0xE413D2A0,0x4F0E827A,0xCA09E210,
            0x4C200F91,0x03D0CE30,0x6AC6BD84,0x17142F93,0x1B398D53,0x1C0DB0C7,0xE2E883ED,0xAE41D63A,0x9FE76F93,0xDD903EA7,
            0xA52B4A46,0xB001CACD,0xC5B20625,0x3B48C281,0x5D5B974D,0xD530D87B,0x78D86D80,0xE9A7B690,0x8C930D06,0x8A732611,
            0x96304830,0x9AEF7032,0x806A1C87,0xF19F7399,0xE681C060,0x243C4614,0xC460D078,0x4F1F2B83,0xF71C23C5,0xD47666C3,
            0x1F2B7E83,0x907D9DF0,0xE61A47AD,0xA401D980,0x31CE72B1,0x0C9C0F46,0xAD647070,0x4D935003,0x834CDB36,0x4B8B7B97,
            0x01E310D5,0x835F03C9,0x9E3615E6,0xA0FCC0E2,0x0681A535,0xC185301C,0x0D0360D3,0x710E6316,0x40D83AD0,0xE83A0CB5,
            0x81F72940,0x0E28184A,0x7DA86836,0x4F529CE0,0xC2B48C35,0x07D287A4,0xF5B07B1A,0x8FAFD1C3,0x6DB0EBA7,0xD2F3DA8C,
            0x01EA1C07,0xFA0076CA,0x77A8E9D0,0x8401D352,0xF41D06C1,0x03C0DA00,0xEB807A0C,0x75E6FB00,0x716303A9,0xCA07D6F4,
            0x7A120F21,0xDAF73D28,0xC47E5E4B,0x681FE741,0x58F60188,0xA729936D,0x83D0741D,0xDB4607A0,0x368CC380,0x534308E1,
            0x1894255B,0xE8070421,0x23900E21,0x1807540C,0x8120F5B0,0xA78340C4,0x79486AD8,0x04839880,0x88408483,0xE20C03AD,
            0x80DC3080,0xEA1F0D43,0x14E5BD00,0xC300E09D,0x9D465601,0x649C5267,0x68F038F2,0xD02057C3,0x924350FA,0xA07A1886,
            0x69189B01,0x392C44D9,0xB6C0D438,0x0320E436,0x6CD03E0C,0xECA3661E,0x61E8C6B5,0x47A90190,0xCA01C303,0xCA41D311,
            0xC638AAB7,0xE83E9F51,0x370CA368,0x0C3910F4,0x221E0699,0xE2E3900E,0x4BC75207,0xE83E4E43,0x083E625B,0x53B4E8BC,
            0x7D58DF9D,0x9A5BF1E0,0x87A1C86A,0xD1E7C3C9,0x68661D46,0xD2B8A806,0x330ED3A8,0x8279E0C4,0xA81C47D1,0xC979374F,
            0x003C4C4E,0xA108C531,0x01DF783E,0x8ABEE80F,0xAA7D81E8,0xD83C436C,0x81D211B7,0x372AC3B7,0x70745F5D,0x553E341A,
            0xFC1F6781,0xA42F5CC2,0xD3BD035E,0xD2F4397A,0x1E1334E8,0xF9003940,0xFC9E4E90,0x84760BDB,0x34B43E90,0x53CFA81F,
            0x1E7A676A,0x6403F7CA,0xC1B2CDB8,0x85F26D58,0x93E0A1E2,0xDBE5176F,0xB4A56948,0xB6003959,0x38B640C4,0xA7691850,
            0x6BAB72E9,0x1AA61B0F,0x0F1B0DB0,0xDD34F6D2,0x319261A0,0x114E64C2,0x52C60906,0xF35DEE06,0x300D4390,0x1E33EE73,
            0x9CD0380C,0x048788C2,0x788C1A0F,0xA9E3E570,0x7EE38478,0x7A8ECCD8,0x03E56FD0,0xB20FB3BE,0x1CC348F5,0x34803B30,
            0xC639CE56,0x019381E8,0x75AC8E0E,0xC9B27C00,0xBE4FBB66,0x1E310D54,0x35F03C90,0xE3615E68,0x0FCC0E29,0x681A535A,
            0x185301C0,0xD0360D3C,0x10E63160,0x0D83AD07,0x83A0CB54,0x1F72940E,0xE28184A8,0xDA868360,0xF529CE07,0x2B48C354,
            0x7D287A4C,0x5B07B1A0,0xFAFD1C3F,0xDB0EBA78,0x2F3DA8C6,0x1EA1C07D,0xA0076CA0,0x7A8E9D0F,0x401D3527,0x41D06C18,
            0x3C0DA00F,0xB807A0C0,0x5E6FB00E,0x16303A97,0xA07D6F47,0xA120F21C,0xAF73D287,0x47E5E4BD,0x81FE741C,0x8F601886,
            0x729936D5,0x3D0741DA,0xB4607A08,0x68CC380D,0x0956C613,0xC1084625,0x03887A01,0xD50308E4,0x3D6C0601,0xD0312048,
            0x1AB629E0,0xE6201E52,0x2120C120,0x00EB6210,0x0C203883,0xC350E037,0x6F403A87,0x38274539,0x958070C0,0x1499E751,
            0x0E3C9927,0x15F0DA3C,0xD43EB408,0x8621A490,0x26C0681E,0x11365A46,0x350E0E4B,0x390DADB0,0x0F8300C8,0x0700DB34,
            0x6318E600,0x1F8611FC,0x0631C068,0x6DC27E87,0x1E403C91,0xF0F7A4B0,0x00E5007E,0xF483086C,0x72830718,0x32BE6E00,
            0x84211D7C,0x40791F07,0x5B705EB7,0x6EE7886D,0x41F50878,0x80708E93,0x01FC00ED,0x8FCA03AB,0xC5B1E42D,0x58C9B54F,
            0xE285F26D,0x6F93E0A1,0x48DBE517,0x59B4A569,0xC4B60039,0x5038B640,0xE9A76918,0x0F6BAB72,0xB01AA61B,0xD20F1B0D,
            0xA0DD34F6,0xC2319261,0x06114E64,0x0652C609,0x90F35DEE,0x73300D43,0x0C1E33EE,0xC29CD038,0x0F048788,0xB783841A,
            0x607C1CAF,0xE3DB2A9F,0x71C23BBE,0x47666C3F,0xF2B7E83D,0x07D9DF01,0x61A47AD9,0x401D980E,0x1CE72B1A,0xC9C0F463,
            0xD6470700,0xD939803A,0x27DDB364,0x1886AA5F,0xF81E480F,0xB0AF341A,0xE60714F1,0x0D29AD07,0x2980E034,0x1B069E0C,
            0x7318B068,0xC1D68388,0xD065AA06,0xB94A0741,0x40C2540F,0x4341B071,0x94E703ED,0xA461AA7A,0x943D2615,0x83D8D03E,
            0x310E1FAD,0xBC0E908D,0x483DCC1E,0x45F5D37B,0xE341A707,0xDC781553,0x31B6C3D3,0x1F4BCF6A,0x2807A870,0x43E801DB,
            0x49DEA3A7,0x0610074D,0x03D0741B,0x300F0368,0x03AE01E8,0xA5D79BEC,0xD1C58C0E,0x87281F5B,0xA1E8483C,0x2F6BDCF4,
            0x0711F979,0x21A07F9D,0xB563D806,0x769CA64D,0x820F41D0,0x036D181E,0x61786E1E,0xAF5217AE,0xBD69DE81,0x74697A1C,
            0x8C26D198,0x8C4A12AD,0xF4038210,0x11C80710,0x0C03AA06,0x40907AD8,0x53C1A062,0x3CA4356C,0x8241CC40,0xC4204241,
            0x710601D6,0xB86E1840,0x1CA00F09,0xE90F8F00,0xBDBFC9EC,0x69084760,0x1D43E184,0xA29CB7A0,0x38601C13,0xF3A8CAC0,
            0x4C938A4C,0x6D1E071E,0x5A040AF8,0xD2486A1F,0x340F4310,0x2D231360,0x0725889B,0xD6D81A87,0x80641C86,0xED9A07C1,
            0x81F07343,0x76A53CFA,0x7CA1E7A6,0xDB86403F,0xCC00ED2C,0x3C8CA324,0x8D23E0C2,0x8F83E218,0x8CA418FC,0xFB7C1FD1,
            0x37A3F18A,0xF481EA92,0x403C86C9,0x00F70072,0xD2CA01DD,0xB1936193,0xC50BE4DA,0xDF27C143,0x91B7CA2E,0xB3694AD2,
            0x896C0072,0xA0716C81,0xD34ED230,0x1ED756E5,0x60354C36,0xA41E361B,0x41BA69ED,0x846324C3,0x0C229CC9,0x0CA58C12,
            0x21E6BBDC,0xE6601A87,0x183C67DC,0x8539A070,0x1E090F11,0x6F070834,0xC0F8395F,0xC7B6553E,0xE384777D,0x8ECCD87E,
            0xE56FD07A,0x0FB3BE03,0xC348F5B2,0x803B301C,0x39CE5634,0x9381E8C6,0xAC8E0E01,0xB2730075,0x4FBB66C9,0x310D54BE,
            0xF03C901E,0x615E6835,0xCC0E29E3,0x1A535A0F,0x5301C068,0x360D3C18,0xE63160D0,0x83AD0710,0xA0CB540D,0x72940E83,
            0x8184A81F,0x868360E2,0x29CE07DA,0x48C354F5,0x287A4C2B,0x07B1A07D,0x621C3F5B,0x781D211A,0x907B983D,0x8BEBA6F6,
            0xC6834E0E,0xB8F02AA7,0x636D87A7,0x3E979ED4,0x500F50E0,0x87D003B6,0x93BD474E,0x0C200E9A,0x07A0E836,0x601E06D0,
            0x075C03D0,0x4BAF37D8,0xA38B181D,0x0E503EB7,0x43D09079,0x5ED7B9E9,0x0E23F2F2,0x4340FF3A,0x6AC7B00C,0xED394C9B,
            0x041E83A0,0x06DA303D,0xC2F0DC3C,0x5EA42F5C,0x7AD3BD03,0xE8D2F439,0x184DA330,0x1894255B,0xE8070421,0x23900E21,
            0x1807540C,0x8120F5B0,0xA78340C4,0x79486AD8,0x04839880,0x88408483,0xE20C03AD,0x70DC3080,0x39401E13,0xD21F1E00,
            0x7B7F93D9,0xD2108EC1,0x3A87C308,0x45396F40,0x70C03827,0xE7519580,0x99271499,0xDA3C0E3C,0xB40815F0,0xA490D43E,
            0x681E8621,0x5A4626C0,0x0E4B1136,0xADB0350E,0x00C8390D,0xDB340F83,0x03E0E687,0xED4A79F5,0xF943CF4C,0xB70C807E,
            0x1B7EDA59,0x21783C0D,0x3DA6180F,0xAAAAA802,0xAAAAAAAA,0x6AC5B549,0x90EA35CE,0xCE6AAAAA,0x1B46CB87,0x4817D368,
            0x43B8C73A,0xB56306C2,0x878A17C9,0x5DBE4F82,0xA5236F94,0xE566D295,0x0312D800,0x6140E2D9,0xCBA69DA4,0x6C3DAEAD,
            0x36C06A98,0xDB483C6C,0x868374D3,0x9308C649,0x24184539,0xB8194B18,0x0E43CD77,0xB9CCC035,0xE03078CF,0x230A7340,
            0x683C121E,0x95C1E230,0x11E2A78F,0x3361FB8E,0xBF41EA3B,0xCEF80F95,0x23D6C83E,0xECC0730D,0x3958D200,0x07A318E7,
            0x3838064E,0xB001D6B2,0x4FBF36C9,0x310D54BE,0xF03C901E,0x615E6835,0xCC0E29E3,0x1A535A0F,0x5301C068,0x360D3C18,
            0xE63160D0,0x83AD0710,0xA0CB540D,0x72940E83,0x8184A81F,0x868360E2,0x29CE07DA,0x48C354F5,0x287A4C2B,0x07B1A07D,
            0xFD1C3F5B,0x0EBA78FA,0x3DA8C6DB,0xA1C07D2F,0x076CA01E,0x8E9D0FA0,0x1D35277A,0xD06C1840,0x0DA00F41,0x07A0C03C,
            0x6FB00EB8,0x303A975E,0x7D6F4716,0x20F21CA0,0x73D287A1,0xE5E4BDAF,0xFE741C47,0x60188681,0x9936D58F,0x0741DA72,
            0x607A083D,0xCC380DB4,0x4255B180,0x70421189,0x00E21E80,0x7540C239,0x0F5B0180,0x340C4812,0x86AD8A78,0x39880794,
            0x08483048,0xC03AD884,0xC3080E20,0xF0D4380D,0x5BD00EA1,0x0E09D14E,0x65601C30,0xC52679D4,0x038F2649,0x057C368F,
            0x350FAD02,0xA1886924,0x89B01A07,0xC44D9691,0x0D438392,0x0E436B6C,0x03E0C032,0x400E56CD,0x1B4790CC,0x51E22C7E,
            0x6656F0AE,0x83DF21CA,0x3C8F83FF,0x946528C8,0x629EA6E1,0x01001F42,0x78C100E9,0x87860F03,0xF759E33C,0x675C0629,
            0xDB3C09E9,0x9E67DD4A,0x701E0621,0x49384C98,0x2740D631,0xC38F63DE,0x8807980C,0xDA61E543,0x378E0300,0xE0601E72,
            0x42E358C4,0xC230403E,0x4F50B570,0x65370E7D,0x9EF96779,0xD4E41C71,0xA5258B77,0x71AD0794,0x753677C4,0x1C906BFA,
            0x06218422,0xB18C618E,0x007C8357,0x19E1996C,0x2C187828,0x621A261C,0x58C1B89C,0xE285F26D,0x6F93E0A1,0x48DBE517,
            0x59B4A569,0xC4B60039,0x5038B640,0xE9A76918,0x0F6BAB72,0xB01AA61B,0xD20F1B0D,0xA0DD34F6,0xC2319261,0x06114E64,
            0x0652C609,0x90F35DEE,0x73300D43,0x0C1E33EE,0xC29CD038,0x0F048788,0x70788C1A,0x78A9E3E5,0xD87EE384,0xD07A8ECC,
            0xBE03E56F,0xF5B20FB3,0x301CC348,0x5634803B,0xE8C639CE,0x0E019381,0x0075AC8E,0xEFCDB26C,0x43552F93,0x0F24078C,
            0x579A0D7C,0x038A78D8,0x94D683F3,0xC0701A06,0x834F0614,0x8C58340D,0xEB41C439,0x32D50360,0xA503A0E8,0x612A07DC,
            0xA0D838A0,0x7381F6A1,0x30D53D4A,0x1E930AD2,0xEC681F4A,0x470FD6C1,0xAE9E3EBF,0x6A31B6C3,0x701F4BCF,0xDB2807A8,
            0xA743E801,0x4D49DEA3,0x1B061007,0x6803D074,0xE8300F03,0xEC03AE01,0x0EA5D79B,0x5BD1C58C,0x3C87281F,0xF4A1E848,
            0x792F6BDC,0x9D0711F9,0x0621A07F,0x4DB563D8,0xD0769CA6,0x1E820F41,0x0E036D18,0x956C6033,0x10846250,0x3887A01C,
            0x50308E40,0xD6C0601D,0x03120483,0xAB629E0D,0x6201E521,0x120C120E,0x0EB62102,0xC2038830,0x350E0370,0xF403A87C,
            0x82745396,0x58070C03,0x499E7519,0xE3C99271,0x5F0DA3C0,0x43EB4081,0x621A490D,0x6C0681E8,0x1365A462,0x50E0E4B1,
            0x90DADB03,0xF8300C83,0x03D5B340,0x5C0C1304,0x047B1946,0xEC35773C,0xEA81B739,0x94A52924,0x0EAD2A06,0x694A529E,
            0x00E838A0,0x9645F423,0x706C1804,0x786A1807,0x1F06C180,0xED0ED06E,0xB94AD800,0x0E64360F,0xA11593E4,0x00C0350C,
            0x8F63DD27,0x5B9C0CC3,0x3A95A11C,0xE4BDC8DE,0x03C41230,0x448C1308,0xDA35FB3C,0x7BECFD68,0x340C23CA,0x9703AD60,
            0xB1B0CE32,0x942832A7,0x0C630403,0x2388C432,0x8185E9E1,0x140FBB4F,0xF4A01D87,0x79894038,0x1F0611B0,0x06DEF86F,
            0x9034910C,0xAD800ED0,0x63E0F434,0xD0CE3E8C,0xE06C4A78,0xC7B1EF93,0x03286A61,0x10F2A1C4,0xC701A06D,0x0197B919,
            0xD60C2606,0x5A401EA1,0x1C11D26E,0xE7280C76,0xFE1C16DD,0xF76DBC79,0xC00F4FA4,0x9CC73EAC,0x6D0B0D83,0x3182159F,
            0x88443E0D,0x80F23E0F,0x21E194EE,0x58401F78,0xE0FCF06A,0xFFA55F7D,0xB6553EC0,0xDBEC1E21,0xDBC0E908,0xAE9B9561,
            0x0D383A2F,0xC0AA9F1A,0x617E0FB3,0xAF5217AE,0xBD69DE81,0x74697A1C,0xA00F099A,0x487C801C,0xEDFE4F27,0x48423B05,
            0x0F9A5A1F,0xB529E7D4,0xE50F3D33,0xDC3201FB,0xC0076966,0x0CAA1A66,0x811D069D,0x737260F0,0x4E3620BC,0xA17A6B9E,
            0x1F46B5ED,0xE83E8874,0x7E438408,0x91C35F07,0x9B1689B5,0xB801F217,0x74180619,0xD12EBC04,0x158DBDAF,0x95391A07,
            0xCE9A0F41,0xA360EB37,0x4C40CC4D,0xDC00F504,0x7C302344,0x6DFA78C9,0x031FD3E0,0x280761C6,0x62500E3D,0x41B8601E,
            0xB7BE1BC7,0x0D244301,0x03F43034,0x330DE348,0x0E9364F4,0x7870F433,0x33806DC6,0x09C5A11E,0xE603EC5A,0x685F5032,
            0x18065EF6,0x07682278,0x36195680,0x1E06140C,0x6E717090,0xBA2F31DD,0x1E7B9FCD,0x7B9E8F3F,0x3CFA741E,0xDCC380D7,
            0xD6B51D74,0x4FAD6B5A,0x41D6AF27,0xB68707EA,0x6A0070A6,0x981792FF,0x4BE9867F,0xF5A9661E,0xB479D977,0x00A8C83A,
            0xC7201080,0xC01EA011,0x0180689B,0x68661E07,0x81E659E2,0xCCE01C06,0xB86A1C7B,0x03690681,0x4D8EF80F,0x8D0328DA,
            0xE0694D1C,0x401F2031,0xD1F0679B,0x4F818526,0x871EC7B9,0x100CA1A9,0x806D2F7B,0xB91BC701,0x20703697,0x00E5008D,
            0x330378C1,0x76F8F0C2,0xB5D1C39D,0x2CC3A903,0xDE00E906,0x6C8F0342,0xD8701438,0x8CF21DBB,0xB00F3A87,0x3C0649D4,
            0x62185110,0x1DE6A5E0,0x07483078,0x48686650,0xC136CE3A,0x99896500,0xF6900E07,0xA08F205B,0x21E2BC87,0x402E01B7,
            0x41E00F35,0x11A66FDA,0xD9729006,0xB076E47D,0x3BDB60E7,0xFC699D74,0xF7874FC3,0xD210D837,0x06799C01,0xA1AE126E,
            0x6E007C2D,0x90074857,0x496072E6,0x5D06C3D7,0x0EAAEDF5,0xC5650073,0x401D2119,0xAD0DA198,0x0DD2DA37,0x1D0751B7,
            0x89B1B67A,0x8C100E90,0x9210CC30,0x3A4DBC6E,0x8C2BC0EA,0x90E0F239,0x304C200E,0x6E52F0C2,0xCA3ACDA6,0xB80E8360,
            0x1A639CDB,0x80748407,0x87D0346A,0xBF9E18E0,0x13D011DB,0x21082749,0xC0C0B7ED,0x5C8BE9C3,0x6DD22F8A,0x5B3741D6,
            0x803A42BC,0x4340D931,0xF548BBE9,0x00CDB85D,0x5CD000E9,0xF12E0D63,0xB876EF03,0x1BE3D475,0x05EF2BC7,0x36803A40,
            0x7C59C0CF,0xA0076ED7,0x98A01D20,0xEF491526,0xEBB0EDDF,0xAB1E83A6,0x407D3A39,0xA40BC0F2,0x0D936803,0xF5789C38,
            0x0748067D,0xA019C608,0xAF54B5EB,0xE9024DB9,0x4302D800,0xE438640F,0x65D07969,0x3AD1649F,0x2C6B0D44,0xBD90D43E,
            0x30403A40,0x9B0360D6,0x20F8790E,0x8709070F,0xFE641E7C,0x3A41EB00,0x60CC3240,0x6E217848,0x260E2207,0xB484341D,
            0x0C634CDF,0xB423BE2E,0x801D20B5,0x61EC665A,0xB723BC24,0x1D981689,0xC98A01D2,0xC24A1E86,0x771B463B,0x1D210981,
            0x24C55800,0x25BCE3BE,0x9A401D20,0xBE2C846C,0x2039B78B,0xE8DAB3ED,0x7FBBE883,0x6DDEEF8D,0x6C0076BE,0x1D2059CF,
            0xF54C5B00,0xF79434FD,0x64C356E3,0xFAC1B061,0x120E4B52,0xCB33ED20,0x7C498370,0xBE4B6861,0x7803C082,0x9F0FD007,
            0xB4803A40,0x47C24640,0xD9D46DB2,0x007487C6,0xC6099266,0xDE22F497,0x1C834FE6,0x9077D880,0xB7ED21C1,0x7CCE685C,
            0x501CADC8,0x0107D554,0xAAAAAAAE,0xAAAAAAAA,0xAAAAAAAA,0x3019403A,0x907AF21D,0x5C0C032A,0xD211AA06,0x160CF35E,
            0x32267C24,0x56665E26,0x32CCFB48,0x6B5BD64C,0xA2DB96F1,0xDA401E03,0xFB48507B,0xE0CE32CC,0xCDB36E12,0x90AAC1B8,
            0xA8699BF6,0xCEA4F924,0xC077F9D1,0xC3C0F53A,0x0392CCB0,0xB1003A43,0x3E924840,0x0E936E03,0x334AF03A,0x1D2141D7,
            0x98689B80,0xB708BE2C,0x401D2055,0xE1986298,0x9B76DE25,0x962DD069,0x01D2121E,0x4A861984,0x7CC9FEFA,0x404B6221,
            0xDE34803A,0xF1EA4308,0xCDB78F15,0xD200E900,0xC9372322,0xF06D4A2F,0xC613C203,0x685E8631,0x1D20C1F1,0xAC649940,
            0x2F3DF509,0xB6ECF7C6,0xE00720F0,0xD2181E76,0x0619B401,0x3DBC4C1F,0x03A40AB6,0x1B0DF368,0x43DC878D,0x2DC89DF1,
            0xC600E900,0x288D0374,0xB6E723F1,0xE007ACC8,0xD2145CC6,0x06199C01,0x71BBC256,0x1989749B,0x1BC01D21,0xE12CBC69,
            0x7A2DBF85,0x485B6400,0x1AE6F007,0xB7094878,0xEEB40EDE,0x03A429B1,0x5F0D0B78,0x79D49C24,0xCCC3F1BE,0xC100E903,
            0xAC0CC308,0x21F28287,0xEEA672B7,0x85A8E844,0x1C9BC6C1,0x118201D2,0x5E128826,0xFB0ADBE4,0x00E908ED,0x0C0370D9,
            0x57219FA2,0xDB6C433F,0xA16BDA40,0x90E1A030,0xF03C3BD7,0x006D949D,0x0645AF69,0x9BDE9289,0x0C4348DB,0xB9B0DD32,
            0x8D6BDA42,0xF3BC255E,0x192661B6,0x1B5ED21E,0x5DE120E4,0xC9B74DB9,0x99F690CA,0x7C242C65,0x9D46C4A4,0xFB487265,
            0x9306542C,0xFADDBEFC,0x340C03C4,0x0EF37CD4,0x7DA41538,0xE93119D6,0x370D148B,0x619E46DD,0xACFB484A,0xAF157C33,
            0x69004DB5,0x0A8605BF,0x9B27BBE2,0x2B7ED201,0xE07E20E4,0x41F00EC1,0x94856FDA,0x6FDCEF8C,0xB9DF10CA,0x90689F5B,
            0x74849685,0x41816000,0x0FBC3287,0xFBEB19FF,0x85B01B70,0x8350E251,0x9BA70185,0xE9009076,0x8332C000,0xC4E1230E,
            0x1F83BBCE,0x07482D66,0x55E8D600,0x4394050F,0xBB0C9FBE,0x741D074D,0xE24072C0,0x030D6300,0xB4003A43,0x21EA90C8,
            0xDB89DF6F,0x000E9012,0xB0C2322D,0x9B57BBE2,0xB001D20C,0xCA581CC5,0x612B59FB,0x20D030EC,0x5BB99E75,0x6C007483,
            0xD58601B1,0x90E17E43,0x2C2FDBD7,0x003A4053,0x23E8CCB6,0x58D3DF18,0xE838FD39,0x16779D69,0xA61C7A9F,0x1C603C86,
            0xABD3F5BC,0x06D90CA3,0x5EE46F1C,0x34341806,0x00748662,0x82118A62,0x226D2D78,0xA6200748,0x7C4A2718,0x96436A17,
            0x902F46F1,0x37CC400E,0xC43F1244,0x20C0476E,0x2058801D,0xA91FAC0C,0x7291F2EE,0x01986E9B,0x2D9BF0EA,0x42291E6B,
            0xC2B1003A,0x784B03C0,0xAFD36C37,0x03A43CB7,0x344D1370,0xE7F7A4A2,0x6584F836,0x1DE6C9AC,0xB801D203,0x431E0619,
            0x7D74E5DF,0xB4A96E97,0x20194A38,0x9AA7D40E,0x07481072,0xA41866E0,0x486C7BEB,0x59DE74A7,0x0FE310FC,0xB338D833,
            0x37003A42,0x3E1A30D3,0x12775AF2,0x1DB958FC,0x00748126,0x8361896E,0x708E07BE,0xC59DE762,0xA40EB30F,0x4C2B0803,
            0x0EF89038,0x748266DF,0xF1856100,0xD177D007,0x9B48BBEA,0xA401D206,0x521A86F1,0x936A7F7C,0x34803A41,0xC24920DE,
            0xAE779D89,0x900CCC3F,0x378D200E,0xAEF09742,0x6C5826D8,0x9007486A,0x64631BC6,0x6CFBEF89,0x18E661F4,0x07485072,
            0x49332690,0x4DAEC8F8,0x90FAD9B7,0x364D200E,0x3E1290C4,0x78076EE3,0xD81D020E,0x69007487,0x964611B2,0x46D12EF8,
            0x3A8A7A1C,0x4803A415,0x803D0D73,0x36EAF7C4,0xED7B40C7,0x03A4183C,0x3E0D8B48,0xBFC7BE98,0x9DE7727C,0xE834F7C7,
            0xD30F3930,0x19401D21,0xC481A067,0x32D888CF,0x8CA00E90,0xE2A8C633,0x039B7CBB,0x719401D2,0xEF521846,0x3A33A438,
            0x4FBE86EF,0x685C4C3A,0x5007486E,0x091C73C6,0x9C6DFCEF,0x748426D9,0xA1816500,0xBC8FD047,0xB3849FBA,0x0E900943,
            0xE037CDA0,0xF1DE12B0,0x8CB3A8DB,0xDA00E90B,0xA30E2342,0x77C2CAEF,0xA4093677,0x0C631803,0xBE77C413,0x03A40736,
            0x378C6318,0xD8BEF8A6,0x007482B6,0xBA118263,0x870B721E,0x7F7EDE7C,0x01D20C5B,0x1E06C98C,0x6DE17C48,0x803A409B,
            0x12CB5931,0xB0DAD5DE,0xE90D0DE3,0xAD64C600,0x6F577C49,0xCE3A0DC3,0x01D20588,0xD0D2B98C,0xDB55DE12,0x088C93B0,
            0x64CE00E9,0x117D606D,0xB288BEAB,0xC01D2005,0x01B8691B,0x3C5D78F4,0x5F6936EE,0xE90AE165,0x6348DE00,0xCBBE2A8C,
            0x1D2039B5,0xE0609BC0,0x3C77C489,0x03A406B6,0x350C1378,0xF0F7A4A2,0x09394F36,0xE768007E,0x748506A1,0x8EA26F00,
            0x36F2F7A4,0x6E4380ED,0x900F6CB2,0x344DE00E,0xDE1290C0,0xDBACD913,0x00E90EAD,0x746574DE,0x6C41EF09,0x8646A9D4,
            0xBA6F0074,0xEEF8B341,0x748216CA,0x41BA6F00,0x9DDF1307,0x0E9012DB,0xD4374DE0,0xE7DE1290,0xE00742D8,0x807487F6,
            0xBA818460,0x036B6BC4,0x148691C7,0x118201D2,0xC2441A86,0x759B7D7B,0x1D21559B,0x84611820,0xAF23F581,0x6EF23F16,
            0x7D775C77,0x950F1EA8,0xA41E00FD,0x0C130403,0xF784A431,0x01E8B6FC,0x1D211D88,0x806A9820,0x247C2531,0x803D16CF,
            0x03A43FB6,0xD00CD304,0xD810CFC5,0x100E906C,0x18E0358D,0x7D518EFA,0x40B36F47,0xCE32403A,0x7A4AC330,0x0E03B0A7,
            0x836B875A,0xC8074876,0x74631A86,0xBEAE1F7D,0x20F5B60F,0x6E1AA01D,0x1D25D182,0xA9E77B5D,0x6661A413,0x0748585B,
            0x61190668,0xD3EF0958,0x767DCE6D,0x6C007484,0x974631AA,0xC6DA6EF8,0x118C6B1B,0x007486A6,0xB321A56C,0xE372047E,
            0xF46DC047,0x23F4D732,0xB7003A40,0x4983E8C8,0x4DB4C8F8,0x90BCCABA,0x32CDA00E,0x19FA48FC,0x2A33F575,0x03A41CB6,
            0x3C0D7378,0x8CF21E88,0x07DEDC87,0xB665A4EB,0x201D2149,0x91E86698,0x43DC878C,0x6DB29DF0,0xC100E900,0x7A6F0E1C,
            0xCA6180CF,0xBCE8CED0,0xC741F833,0xD00D3419,0x69BA6187,0x02036C07,0x46799F69,0xC8FC5618,0xE9054E31,0x7D44DE00,
            0xB45DF134,0x00E9034D,0x0D9308C1,0xC633F129,0xB3C8EA36,0xA42E3E0D,0xE4D30403,0x5FBC2441,0x985749B2,0xE7C8E013,
            0x00032598,0x007A69B0,0xCA0C00DA,0x3A065381,0x003C3380,0x48382400,0x067D00CA,0x021E8040,0x31090521,0x019B20D2,
            0x09018000,0x218110E2,0x39225000,0x4C901890,0x914328C8,0x29081001,0x5A0C0004,0x41801962,0x03813243,0x41F41932,
            0xC5703906,0x92185141,0x8511D329,0x3CF93E81,0xA00E0407,0x04831031,0x04160000,0x00000000,0x1B80E000,0x00000000,
            0x00000000,0x00000001,0x00000000,0x00000000,0x00000000,0x00000000,0x00000000,0x00000000,0x00010808,0x00000000,
            0x00000000,0x00000000,0x00000000,0x02000000,0x00006408,0x00000000,0x00000000,0x00000000,0x00000000,0x00000000,
            0x00000000,0x00000000,0x00000000,0x00000000,0x00000000,0x00000000,0x00000000,0x00000000,0x00000000,0x00000000,
            0x00000400,0x00000000,0x00000000,0x00000000,0x10010180,0x00000000,0x0004A800,0x8400A060,0x4684C0C4,0x341030CF,
            0x0B12A608,0x00000000,0x00000000,0x00000000,0x00000000,0x00000000,0x00019300,0x00000000,0x00000000,0x00000000,
            0x90000000,0x44008001,0xC4A20000,0x01C00000,0x2000004D,0x0004481D,0x00000000,0x00000000,0x00010000,0x00000010,
            0x00000000,0x00000000,0x00000000,0x00000000,0x00000000,0x00000000,0x00000000,0x00000000,0x00000000,0x00000000,
            0x33600000,0x08800000,0x00110000,0x00000000,0x00000000,0x00000000,0x000004C0,0x00000400,0x80000120,0x07D4376F,
            0xDDBE09A0,0x26801F50,0x7D4376F8,0xDBE09A00,0x6801F50D,0xD4376F82,0xBE09A007,0x801F50DD,0x4376F826,0xE09A007D,
            0x01F50DDB,0x376F8268,0x09A007D4,0x1F50DDBE,0x76F82680,0x9A007D43,0xF50DDBE0,0xDBE26801,0x1BB7C50D,0x14376F8A,
            0xBE286EDF,0xBB7C50DD,0x4376F8A1,0xE286EDF1,0xB7C50DDB,0x376F8A1B,0x286EDF14,0x7C50DDBE,0x76F8A1BB,0x86EDF143,
            0xC50DDBE2,0x6F8A1BB7,0x6EDF1437,0x50DDBE28,0xF8A1BB7C,0xEDF14376,0x0DDBE286,0x8A1BB7C5,0xDF14376F,0xDDBE286E,
            0xA1BB7C50,0xF14376F8,0xDBE286ED,0x1BB7C50D,0x14376F8A,0xBE286EDF,0xBB7C50DD,0x4376F8A1,0xE286EDF1,0xB7C50DDB,
            0x376F8A1B,0x286EDF14,0x7C50DDBE,0xB794A1BB,0x0D56FA1B,0x86EDF001,0xC50DDBE2,0x6F8A1BB7,0x6EDF1437,0x50DDBE28,
            0xF8A1BB7C,0xEDF14376,0x0DDBE286,0x8A1BB7C5,0xDF14376F,0xDDBE286E,0xA1BB7C50,0xF14376F8,0xDBE286ED,0x1BB7C50D,
            0x14376F8A,0xBE286EDF,0xBB7C50DD,0x4376F8A1,0xE286EDF1,0xB7C50DDB,0x376F8A1B,0x286EDF14,0x7C50DDBE,0x76F8A1BB,
            0x86EDF143,0xC50DDBE2,0x6F8A1BB7,0x6EDF1437,0x50DDBE28,0xF8A1BB7C,0xEDF14376,0x0DDBE286,0x8A1BB7C5,0xDF14376F,
            0xDDBE286E,0xA1BB7C50,0xF14376F8,0xDBE286ED,0x1BB7C50D,0x14376F8A,0xBE286EDF,0xBB7C50DD,0x4376F8A1,0xE286EDF1,
            0xEDF50DDB,0x60FDE286,0xF8D82B3F,0xEDF14376,0x0DDBE286,0x8A1BB7C5,0xDF14376F,0xDDBE286E,0xA1BB7C50,0xF14376F8,
            0xDBE286ED,0xDDBCA50D,0x086AB7D0,0xE86EDE50,0xC004355B,0x0784C1FB,0x376FA6DA,0x286EDF14,0xF0983F78,0xEDF4DB40,
            0x0DDBE286,0x1307EF05,0xBE9B681E,0xBB7C50DD,0x60FDE0A1,0xD36D03C2,0x6F8A1BB7,0x1FBC1437,0x6DA0784C,0xF14376FA,
            0xF78286ED,0xB40F0983,0x286EDF4D,0x7C50DDBE,0x76F8A1BB,0x86EDF143,0xC50DDBE2,0x6F8A1BB7,0x76F29437,0x21AADF43,
            0x86EDE500,0x004355BE,0x7D0DDBCA,0x940086AB,0x56FA1BB7,0xEDF0010D,0x0DDBE286,0x8A1BB7C5,0xDF14376F,0xDDBE286E,
            0xA1BB7C50,0xF14376F8,0xDBE286ED,0x1BB7C50D,0x14376F8A,0xBE286EDF,0xBB7C50DD,0x4376F8A1,0xE286EDF1,0xB7C50DDB,
            0x0DDBEA1B,0xE1C1FBC5,0x647D92B3,0x286EDF12,0x7C50DDBE,0x76F8A1BB,0x86EDF143,0xC50DDBE2,0x6F8A1BB7,0x6EDF1437,
            0x50DDBE28,0xF8A1BB7C,0xEDF14376,0x0DDBE286,0x8A1BB7C5,0xDF14376F,0xDDBE286E,0xA1BB7C50,0xF14376F8,0xDBE286ED,
            0x1BB7C50D,0x14376F8A,0xBE286EDF,0xBB7C50DD,0x4376F8A1,0xE286EDF1,0xB7C50DDB,0x376F8A1B,0x286EDF14,0x0650DDBE,
            0x01EA2CFF,0x91005018,0x3A8B3FA1,0x02020008,0x59FD0C22,0x010111D4,0xF5000080,0x406068B3,0x167FA007,0x403A5475,
            0x809A2CF9,0x2CFC8606,0x010020EA,0x9F294004,0xC2893345,0x3D459F80,0xE9008028,0x855068B3,0x068B3F01,0x30934442,
            0x075167E0,0x302005B2,0x475167EC,0x00000200,0x9F40C000,0x43051D45,0xB3F090C0,0x9F20C168,0x04089D45,0x3F104220,
            0xCFE43A8B,0xCA8F41A2,0x1D459FD0,0x02000100,0x67F83028,0x01044751,0x7EA04A08,0x26727516,0x459FA865,0x0854D51D,
            0x81C3459F,0x4668B3F0,0x0C1A2CF8,0xEA2CFC42,0xEDF1D80C,0x0DDBE286,0x8A1BB7C5,0xDF14376F,0xDDBE286E,0xA1BB7C50,
            0xF14376F8,0xDBE286ED,0x1BB7C50D,0x14376F8A,0xBE286EDF,0xBB7C50DD,0x4376F8A1,0xE286EDF1,0xB7C50DDB,0x376F8A1B,
            0x286EDF14,0x7C50DDBE,0x76F8A1BB,0x86EDF143,0xC50DDBE2,0x6F8A1BB7,0x6EDF1437,0x50DDBE28,0xF8A1BB7C,0xEDF14376,
            0x0DDBE286,0x8A1BB7C5,0xDF14376F,0xDDBE286E,0xA1BB7C50,0xF14376F8,0xDBE286ED,0x1BB7C50D,0x14376F8A,0xBE286EDF,
            0xBB7C50DD,0x4376F8A1,0xE286EDF1,0xB7C50DDB,0x376F8A1B,0x286EDF14,0x7C50DDBE,0x76F8A1BB,0x86EDF143,0xC50DDBE2,
            0x6F8A1BB7,0x6EDF1437,0x50DDBE28,0xF8A1BB7C,0xEDF14376,0x0DDBE286,0xEA1BB7C5,0xEB3F60FD,0x4376F886,0xE286EDF1,
            0xB7C50DDB,0x376F8A1B,0x286EDF14,0xEF50DDBE,0xD759FB07,0x8A1BB7C7,0xDF14376F,0xDDBE286E,0xA1BB7C50,0xF14376F8,
            0xDBE286ED,0x1BB7C50D,0x14376F8A,0xBE286EDF,0xBB7C50DD,0x4376F8A1,0xE286EDF1,0xB7C50DDB,0x376F8A1B,0x286EDF14,
            0x7C50DDBE,0x76F8A1BB,0x86EDF143,0xC50DDBE2,0x6F8A1BB7,0x6EDF1437,0x50DDBE28,0xF8A1BB7C,0xEDF14376,0x0DDBE286,
            0x8A1BB7C5,0xDF14376F,0xDDBE286E,0xA1BB7C50,0xF14376F8,0xDBE286ED,0x1BB7C50D,0x14376F8A,0xBE286EDF,0xBB7C50DD,
            0x4376F8A1,0xE286EDF1,0xB7C50DDB,0x376F8A1B,0x286EDF14,0x7C50DDBE,0x76F8A1BB,0x86EDF143,0xC50DDBE2,0x794A1BB7,
            0xD56FA1BB,0x6EDF0010,0x50DDBE28,0xF8A1BB7C,0xEDF14376,0x0DDBE286,0x8A1BB7C5,0xDF14376F,0xDDBE286E,0xA1BB7C50,
            0xF14376F8,0xDBE286ED,0x1BB7C50D,0x14376F8A,0xBE286EDF,0xBB7C50DD,0x4376F8A1,0xE286EDF1,0xB7C50DDB,0x376F8A1B,
            0x286EDF14,0x7C50DDBE,0x76F8A1BB,0x86EDF143,0xC50DDBE2,0x6F8A1BB7,0x6EDF1437,0x50DDBE28,0xF8A1BB7C,0xEDF14376,
            0x0DDBE286,0x8A1BB7C5,0xDF14376F,0xDDBE286E,0xA1BB7C50,0xF14376F8,0xDBE286ED,0x1BB7C50D,0x14376F8A,0xBE286EDF,
            0xBB7C50DD,0x4376F8A1,0xE286EDF1,0xB7C50DDB,0xBB794A1B,0x10D56FA1,0x4376F280,0x4021AADF,0x69FC1FB9,0x3E200636,
            0xAC0F36D0,0x7D4376F8,0x3F78A1BB,0xBA381F18,0xDF14376F,0x376FA86E,0xE307EF14,0xEDF74703,0x0DDBE286,0x1307EF05,
            0x079B681F,0xA1BB7C56,0xBC50DDBE,0x1C0F8C1F,0x8A1BB7DD,0xB7D4376F,0x83F78A1B,0xFBA381F1,0xEDF14376,0x83F78286,
            0xCDB40F89,0xDDBE2B03,0x286EDF50,0x07C60FDE,0x0DDBEE8E,0xEA1BB7C5,0xFBC50DDB,0xD1C0F8C1,0xF8A1BB7D,0xFBC14376,
            0xDA07C4C1,0xDF1581E6,0x376FA86E,0xE307EF14,0xEDF74703,0x0DDBE286,0xE286EDF5,0xE07C60FD,0x50DDBEE8,0xE0A1BB7C,
            0x03E260FD,0x8AC0F36D,0xB7D4376F,0x83F78A1B,0xFBA381F1,0xEDF14376,0x4376FA86,0x3E307EF1,0x6EDF7470,0x50DDBE28,
            0xF1307EF0,0x6079B681,0xEA1BB7C5,0xFBC50DDB,0xD1C0F8C1,0xF8A1BB7D,0xBB7D4376,0x183F78A1,0x6FBA381F,0x6EDF1437,
            0x86EDE528,0x804355BE,0xD3F83F72,0x78400C6C,0x76FA6DA0,0x86EDF143,0x0983F782,0xDF4DB40F,0xDDBE286E,0x307EF050,
            0xE9B681E1,0xB7C50DDB,0x0FDE0A1B,0x36D03C26,0xF8A1BB7D,0xFBC14376,0xDA0784C1,0x14376FA6,0x78286EDF,0x40F0983F,
            0x86EDF4DB,0xC50DDBE2,0x6F8A1BB7,0x76F29437,0x21AADF43,0x50DDBE00,0x94A1BB7C,0x56FA1BB7,0xFDCA010D,0x31B34FE0,
            0xB681E100,0xC50DDBE9,0xDE0A1BB7,0xD03C260F,0xA1BB7D36,0xC14376F8,0x0784C1FB,0x376FA6DA,0x286EDF14,0xF0983F78,
            0xEDF4DB40,0x0DDBE286,0x1307EF05,0xBE9B681E,0xBB7C50DD,0x60FDE0A1,0xD36D03C2,0x6F8A1BB7,0x76F29437,0x21AADF43,
            0xA1BB7940,0x0010D56F,0x1E1307EF,0xDDBE9B68,0xA1BB7C50,0xC260FDE0,0xB7D36D03,0x376F8A1B,0x4C1FBC14,0xFA6DA078,
            0xEDF14376,0x83F78286,0x4DB40F09,0xBE286EDF,0x7EF050DD,0xB681E130,0xC50DDBE9,0xDE0A1BB7,0xD03C260F,0xA1BB7D36,
            0x294376F8,0xADF4376F,0xB794021A,0x0D56FA1B,0x307EF001,0xE9B681E1,0xB7C50DDB,0x0FDE0A1B,0x36D03C26,0xF8A1BB7D,
            0xFBC14376,0xDA0784C1,0x14376FA6,0x78286EDF,0x40F0983F,0x86EDF4DB,0x050DDBE2,0x1E1307EF,0xDDBE9B68,0xA1BB7C50,
            0xC260FDE0,0xB7D36D03,0x376F8A1B,0x286EDF14,0x7C50DDBE,0x76F8A1BB,0x86EDF143,0xC50DDBE2,0x6F8A1BB7,0x6EDF1437,
            0x50DDBE28,0xF8A1BB7C,0xEDF14376,0x0DDBE286,0x8A1BB7C5,0xDF14376F,0xDDBE286E,0xA1BB7C50,0xF14376F8,0xDBE286ED,
            0x1BB7C50D,0x14376F8A,0xBE286EDF,0xBB7C50DD,0x4376F8A1,0xE286EDF1,0xB7C50DDB,0x376F8A1B,0x286EDF14,0x7C50DDBE,
            0x76F8A1BB,0x86EDF143,0xF14376FA,0x259FB07E,0xAE181F3F,0xDF14376F,0x1FB8686E,0x3CFF5FFC,0xDF34D03E,0xDFF8286E,
            0xBFF106FE,0x2381EDFD,0x827FB7FE,0xFAEFEDFF,0xF82BFEDF,0xFE26FEDF,0x7FE57FB7,0x7FE0AFFB,0xDFF847FB,0xEDFFA5FE,
            0x0DDBE2BF,0x8A1BB7C5,0xDF14376F,0xDDBE286E,0xA1BB7C50,0xF14376F8,0xDBE286ED,0x1BB7C50D,0x14376F8A,0xBE286EDF,
            0xBB7C50DD,0xF60FDEA1,0xDBE22541,0x1BB7C50D,0x14376F8A,0xBE286EDF,0xBB7C50DD,0x4376F8A1,0xE286EDF1,0xB7C50DDB,
            0x376F8A1B,0x286EDF14,0xEF50DDBE,0x64D9FB07,0x8A1BB7C0,0xDF14376F,0xDDBE286E,0xA1BB7C50,0xF14376F8,0xDBE286ED,
            0x1BB7C50D,0x14376F8A,0xBE286EDF,0xBB7C50DD,0x4376F8A1,0xE286EDF1,0xB7C50DDB,0xE0FDEA1B,0x3F12A0F0,0x76F8FE95,
            0x86EDF143,0xC50DDBE2,0x6F8A1BB7,0x6EDF1437,0x50DDBE28,0xF8A1BB7C,0xEDF14376,0x0DDBE286,0x8A1BB7C5,0xDF14376F,
            0xDDBE286E,0xA1BB7C50,0xF14376F8,0xDBE286ED,0x1BB7C50D,0xD4376F8A,0xC0F8C1FB,0xA1BB7CBA,0xF14376F8,0xDBE286ED,
            0x1BB7C50D,0x14376F8A,0x6FA86EDF,0x07EF1437,0xCF5567E3,0x794A1BB7,0xD56FA1BB,0x76F28010,0x21AADF43,0x50DDBE00,
            0x94A1BB7C,0x56FA1BB7,0x6F28010D,0x1AADF437,0x6EDE5002,0x04355BE8,0xD0DDBCA0,0x40086AB7,0x6FA1BB79,0xF28010D5,
            0xAADF4376,0xEDE50021,0x4355BE86,0x0DDBCA00,0x0086AB7D,0xFA1BB794,0x28010D56,0xADF4376F,0xDE50021A,0x355BE86E,
            0x1BB7C004,0x14376F8A,0xBE286EDF,0xBB7C50DD,0x4376F8A1,0xE286EDF1,0xB7C50DDB,0x376F8A1B,0x286EDF14,0x7C50DDBE,
            0x76F8A1BB,0x86EDF143,0xC50DDBE2,0x6F8A1BB7,0x6EDF1437,0x50DDBE28,0x94A1BB7C,0x56FA1BB7,0x6F28010D,0x1AADF437,
            0x6EDE5002,0x04355BE8,0x3F83F728,0xC300C6CD,0xA65A967E,0x160CC36A,0x963B70E7,0x60748364,0x4943F072,0x1F018D00,
            0xAF9B3418,0x0771A9F8,0x840F748E,0xDF14376F,0xDDBE286E,0x86EDF050,0x3F60FDE2,0x567E7BCB,0xB07EF100,0xF03DE59F,
            0xE59FB07E,0x707EF01D,0x00EF2CF8,0x9F0E0FDE,0x67C21DE5,0x1FBC0779,0x077967EC,0x3E1C1FBC,0xF7803BCB,0x7967C383,
            0xDE59F087,0xFB07EF01,0xEF01DE59,0xF2CF8707,0x60FDE00E,0xBEE8E07C,0x7EF050DD,0x74703E30,0x78286EDF,0x381F183F,
            0x14376FBA,0xF43C1FBC,0xAA65A967,0x7160CC36,0xB3080F0E,0x39303A41,0x8024A1F8,0x0C0F00C6,0xFC57CD9A,0x311E08D4,
            0x103E003A,0xBB7DCA07,0x4376F8A1,0x8286EDF1,0xEF14376F,0xCB3E1307,0xCFE4637B,0x780023B2,0xCB3F183F,0xECB3F97B,
            0x0FDE0008,0x5EF2CFC6,0x013B2CFA,0xFC60FDE0,0xCFA5EF2C,0xDE0013B2,0x8E07C60F,0x050DDBEE,0x03E307EF,0x86EDF747,
            0xF183F782,0x76FBA381,0xC1FBC143,0x4BDE59F8,0x0027659F,0xF43C1FBC,0xAA65A967,0x7160CC36,0xB3080F0E,0x39303A41,
            0x8024A1F8,0x0C0F00C6,0xFC57CD9A,0x311E08D4,0x103E003A,0xBB7DCA07,0x4376F8A1,0x8286EDF1,0xEF14376F,0xCB3E1307,
            0xCFE4637B,0x780023B2,0xCB3F183F,0xECB3F97B,0x0FDE0008,0x5EF2CFC6,0x0A3B2CFA,0xFC60FDE0,0xCFA5EF2C,0xDE00A3B2,
            0x8E07C60F,0x050DDBEE,0x03E307EF,0x86EDF747,0xF183F782,0x76FBA381,0xC1FBC143,0x4BDE59F8,0x0147659F,0xF43C1FBC,
            0xAA65A967,0x7160CC36,0xB3080F0E,0x39303A41,0x8024A1F8,0x0C0F00C6,0xFC57CD9A,0x311E08D4,0x103E003A,0xBB7DCA07,
            0x4376F8A1,0x8286EDF1,0xEF14376F,0xCB3E1307,0xCFE4637B,0x780023B2,0xCB3F183F,0xECB3F97B,0x0FDE0008,0x5EF2CFC6,
            0x223B2CFA,0xFC60FDE0,0xCFA5EF2C,0xDE0223B2,0x8E07C60F,0x050DDBEE,0x03E307EF,0x86EDF747,0xF183F782,0x76FBA381,
            0xC1FBC143,0x4BDE59F8,0x0447659F,0xF43C1FBC,0xAA65A967,0x7160CC36,0xB3080F0E,0x39303A41,0x8024A1F8,0x0C0F00C6,
            0xFC57CD9A,0x311E08D4,0x103E003A,0xBB7DCA07,0x4376F8A1,0x8286EDF1,0xEF14376F,0xCB3E1307,0xCFE4637B,0x780023B2,
            0xCB3F183F,0xECB3F97B,0x0FDE0008,0x5EF2CFC6,0x823B2CFA,0xFC60FDE0,0xCFA5EF2C,0xDE0823B2,0x8E07C60F,0x050DDBEE,
            0x03E307EF,0x86EDF747,0xF183F782,0x76FBA381,0xC1FBC143,0x4BDE59F8,0x1047659F,0xF43C1FBC,0xAA65A967,0x7160CC36,
            0xB3080F0E,0x39303A41,0x8024A1F8,0x0C0F00C6,0xFC57CD9A,0x311E08D4,0x103E003A,0xBB7DCA07,0x4376F8A1,0x8286EDF1,
            0xEF14376F,0xCB3E1307,0xCFE4637B,0x780023B2,0xCB3F183F,0xECB3F97B,0x0FDE0008,0x5EF2CFC6,0x023B2CFA,0xFC60FDE0,
            0xCFA5EF2C,0xDE0023B2,0x8E07C60F,0x050DDBEE,0x03E307EF,0x86EDF747,0xF183F782,0x76FBA381,0xC1FBC143,0x4BDE59F8,
            0x8047659F,0xDF4376F2,0xB94021AA,0x3669FC1F,0xB3F61806,0x1B5532D4,0x8738B066,0x1B24B1DB,0x839303A4,0x68024A1F,
            0xA0C0F00C,0x4FC57CD9,0xE91E3B8D,0x6EDF081E,0x50DDBE28,0xE0A1BB7C,0xFBC50DDB,0xBCB3E1C1,0x40159F87,0x3E1C1FBC,
            0xF7807BCB,0xEF2CFD83,0xC383F780,0xF0077967,0x2CF8707E,0xCB3E10EF,0x60FDE03B,0xE03BCB3F,0x59F0E0FD,0x1FBC01DE,
            0xDD1C0F8C,0xDE0A1BB7,0x8E07C60F,0x050DDBEE,0x03E307EF,0x86EDF747,0x8783F782,0x4CB52CFE,0x2C1986D5,0x6101E1CE,
            0x26074836,0x04943F07,0x81E018D0,0x8AF9B341,0x23C11A9F,0x07C00746,0x6FB940E2,0x6EDF1437,0x50DDBE28,0xE286EDF0,
            0x67E260FD,0xF3D18F79,0x8011D967,0x047659FC,0x1307EF00,0xE47BCB3E,0x0023B2CF,0x08ECB3F9,0xC60FDE00,0xFA7EF2CF,
            0xE0013B2C,0x67C260FD,0x59F48F79,0x9F480276,0xBC002765,0x1C0F8C1F,0x0A1BB7DD,0x07C60FDE,0x0DDBEE8E,0xE307EF05,
            0xEDF74703,0x83F78286,0x9FBCB3F1,0x004ECB3E,0xE8783F78,0x54CB52CF,0xE2C1986D,0x66101E1C,0x72607483,0x004943F0,
            0x181E018D,0xF8AF9B34,0x623C11A9,0x207C0074,0x76FB940E,0x86EDF143,0x050DDBE2,0xDE286EDF,0x967E260F,0x7F3D18F7,
            0xC8011D96,0x0047659F,0xE1307EF0,0xFE47BCB3,0x90023B2C,0x008ECB3F,0xFC60FDE0,0xCFA7EF2C,0xDE00A3B2,0x967C260F,
            0x659F48F7,0x59F48147,0xFBC01476,0xD1C0F8C1,0xE0A1BB7D,0xE07C60FD,0x50DDBEE8,0x3E307EF0,0x6EDF7470,0x183F7828,
            0xE9FBCB3F,0x8028ECB3,0xFE8783F7,0xD54CB52C,0xCE2C1986,0x366101E1,0x07260748,0xD004943F,0x4181E018,0x9F8AF9B3,
            0x4623C11A,0xE207C007,0x376FB940,0x286EDF14,0xF050DDBE,0xFDE286ED,0x7967E260,0x67F3D18F,0xFC8011D9,0x00047659,
            0x3E1307EF,0xCFE47BCB,0xF90023B2,0x0008ECB3,0xCFC60FDE,0x2CFA7EF2,0xFDE0223B,0x7967C260,0x7659F48F,0x659F4844,
            0x1FBC0447,0xDD1C0F8C,0xDE0A1BB7,0x8E07C60F,0x050DDBEE,0x03E307EF,0x86EDF747,0xF183F782,0x3E9FBCB3,0x78088ECB,
            0xCFE8783F,0x6D54CB52,0x1CE2C198,0x8366101E,0xF0726074,0x8D004943,0x34181E01,0xA9F8AF9B,0x74623C11,0x0E207C00,
            0x4376FB94,0xE286EDF1,0xDF050DDB,0x0FDE286E,0xF7967E26,0x967F3D18,0x9FC8011D,0xF0004765,0xB3E1307E,0x2CFE47BC,
            0x3F90023B,0xE0008ECB,0x2CFC60FD,0xB2CFA7EF,0x0FDE0823,0xF7967C26,0x47659F48,0x7659F490,0xC1FBC104,0x7DD1C0F8,
            0xFDE0A1BB,0xE8E07C60,0xF050DDBE,0x703E307E,0x286EDF74,0x3F183F78,0xB3E9FBCB,0xF78208EC,0x2CFE8783,0x86D54CB5,
            0xE1CE2C19,0x48366101,0x3F072607,0x18D00494,0xB34181E0,0x1A9F8AF9,0x074623C1,0x40E207C0,0x14376FB9,0xBE286EDF,
            0xEDF050DD,0x60FDE286,0x8F7967E2,0xD967F3D1,0x59FC8011,0xEF000476,0xCB3E1307,0xB2CFE47B,0xB3F90023,0xDE0008EC,
            0xF2CFC60F,0x3B2CFA7E,0x60FDE002,0x8F7967C2,0x047659F4,0x47659F48,0x8C1FBC00,0xB7DD1C0F,0x0FDE0A1B,0xEE8E07C6,
            0xEF050DDB,0x4703E307,0x8286EDF7,0xB3F183F7,0xCB3E9FBC,0xDDBE008E,0x0DDBCA50,0x0086AB7D,0xFA1BB794,0x28010D56,
            0xADF4376F,0xDE50021A,0x355BE86E,0x83F72804,0x00C6CD3F,0xA6DA0784,0xDF14376F,0x3F78286E,0xDB40F098,0xE286EDF4,
            0xEF050DDB,0x681E1307,0x50DDBE9B,0xE0A1BB7C,0x03C260FD,0x1BB7D36D,0x14376F8A,0x784C1FBC,0x76FA6DA0,0x86EDF143,
            0x0983F782,0xDF4DB40F,0xDDBE286E,0x0DDBCA50,0x0086AB7D,0xA7F07EE5,0xF08018D9,0xEDF4DB40,0x0DDBE286,0x1307EF05,
            0xBE9B681E,0xBB7C50DD,0x60FDE0A1,0xD36D03C2,0x6F8A1BB7,0x1FBC1437,0x6DA0784C,0xF14376FA,0xF78286ED,0xB40F0983,
            0x286EDF4D,0xF050DDBE,0x81E1307E,0x0DDBE9B6,0x4A1BB7C5,0x6FA1BB79,0xDCA010D5,0x1B34FE0F,0x681E1003,0x50DDBE9B,
            0xE0A1BB7C,0x03C260FD,0x1BB7D36D,0x14376F8A,0x784C1FBC,0x76FA6DA0,0x86EDF143,0x0983F782,0xDF4DB40F,0xDDBE286E,
            0x307EF050,0xE9B681E1,0xB7C50DDB,0x0FDE0A1B,0x36D03C26,0xF8A1BB7D,0x6F294376,0x1AADF437,0xC1FB9402,0x0063669F,
            0xD36D03C2,0x6F8A1BB7,0x1FBC1437,0x6DA0784C,0xF14376FA,0xF78286ED,0xB40F0983,0x286EDF4D,0xF050DDBE,0x81E1307E,
            0x0DDBE9B6,0x0A1BB7C5,0x3C260FDE,0xBB7D36D0,0x4376F8A1,0x84C1FBC1,0x6FA6DA07,0x6EDF1437,0x86EDE528,0x004355BE,
            0x7D0DDBCA,0xE50086AB,0xD9A7F07E,0x40F08018,0x86EDF4DB,0x050DDBE2,0x1E1307EF,0xDDBE9B68,0xA1BB7C50,0xC260FDE0,
            0xB7D36D03,0x376F8A1B,0x4C1FBC14,0xFA6DA078,0xEDF14376,0x83F78286,0x4DB40F09,0xBE286EDF,0x7EF050DD,0xB681E130,
            0xC50DDBE9,0x794A1BB7,0xD56FA1BB,0x76F28010,0x21AADF43,0x86EDE500,0x004355BE,0x7D0DDBCA,0xE50086AB,0xD9A7F07E,
            0x40F08018,0x86EDF4DB,0x050DDBE2,0x1E1307EF,0xDDBE9B68,0xA1BB7C50,0xC260FDE0,0xB7D36D03,0x376F8A1B,0x4C1FBC14,
            0xFA6DA078,0xEDF14376,0x83F78286,0x4DB40F09,0xBE286EDF,0x7EF050DD,0xB681E130,0xC50DDBE9,0x794A1BB7,0xD56FA1BB,
            0x6EDF0010,0x50DDBE28,0x94A1BB7C,0x56FA1BB7,0xEDF0010D,0x0DDBE286,0x8A1BB7C5,0xF294376F,0xAADF4376,0x1FB94021,
            0x063669FC,0x36D03C20,0xF8A1BB7D,0xFBC14376,0xDA0784C1,0x14376FA6,0x78286EDF,0x40F0983F,0x86EDF4DB,0x050DDBE2,
            0x1E1307EF,0xDDBE9B68,0xA1BB7C50,0xC260FDE0,0xB7D36D03,0x376F8A1B,0x4C1FBC14,0xFA6DA078,0xEDF14376,0x6EDE5286,
            0x04355BE8,0x3F83F728,0x8400C6CD,0x6FA6DA07,0x6EDF1437,0x983F7828,0xF4DB40F0,0xDBE286ED,0x07EF050D,0x9B681E13,
            0x7C50DDBE,0xFDE0A1BB,0x6D03C260,0x8A1BB7D3,0xBC14376F,0xA0784C1F,0x4376FA6D,0x8286EDF1,0x0F0983F7,0x6EDF4DB4,
            0x50DDBE28,0x7D0DDBCA,0xF80086AB,0x6F294376,0x1AADF437,0x6EDE5002,0x04355BE8,0x3F83F728,0x8400C6CD,0x6FA6DA07,
            0x6EDF1437,0x983F7828,0xF4DB40F0,0xDBE286ED,0x07EF050D,0x9B681E13,0x7C50DDBE,0xFDE0A1BB,0x6D03C260,0x8A1BB7D3,
            0xBC14376F,0xA0784C1F,0x4376FA6D,0x8286EDF1,0x0F0983F7,0x6EDF4DB4,0x50DDBE28,0x7D0DDBCA,0xE50086AB,0xD9A7F07E,
            0x40F08018,0x86EDF4DB,0x050DDBE2,0x1E1307EF,0xDDBE9B68,0xA1BB7C50,0xC260FDE0,0xB7D36D03,0x376F8A1B,0x4C1FBC14,
            0xFA6DA078,0xEDF14376,0x83F78286,0x4DB40F09,0xBE286EDF,0x7EF050DD,0xB681E130,0xC50DDBE9,0x6F8A1BB7,0x6EDF1437,
            0x50DDBE28,0xF8A1BB7C,0xEDF14376,0x0DDBE286,0xD0DDBCA5,0x80086AB7,0xF294376F,0xAADF4376,0xDDBE0021,0xA1BB7C50,
            0xF14376F8,0xDBE286ED,0x1BB7C50D,0x14376F8A,0xBE286EDF,0xBB7C50DD,0x4376F8A1,0xE286EDF1,0xB7C50DDB,0x376F8A1B,
            0x286EDF14,0x7C50DDBE,0x76F8A1BB,0x86EDF143,0xC50DDBE2,0x6F8A1BB7,0x6EDF1437,0x86EDE528,0x004355BE,0xF8A1BB7C,
            0xEDF14376,0x0DDBE286,0x8A1BB7C5,0xDF14376F,0xDDBE286E,0xA1BB7C50,0xF14376F8,0xDBE286ED,0x1BB7C50D,0x14376F8A,
            0xBE286EDF,0xBB7C50DD,0x4376F8A1,0xE286EDF1,0xB7C50DDB,0x376F8A1B,0x286EDF14,0x7C50DDBE,0x76F8A1BB,0x86EDF143,
            0xC50DDBE2,0x6F8A1BB7,0x6EDF1437,0x50DDBE28,0xF8A1BB7C,0xEDF14376,0x0DDBE286,0x8A1BB7C5,0xDF14376F,0xDDBE286E,
            0xA1BB7C50,0xF14376F8,0xDBE286ED,0x1BB7C50D,0x14376F8A,0xBE286EDF,0xBB7C50DD,0x4376F8A1,0xE286EDF1,0xB7C50DDB,
            0x376F8A1B,0x286EDF14,0x7C50DDBE,0x76F8A1BB,0x86EDF143,0xC50DDBE2,0x6F8A1BB7,0x6EDF1437,0x50DDBE28,0xF8A1BB7C,
            0xEDF14376,0x0DDBE286,0x8A1BB7C5,0xDF14376F,0xDDBE286E,0xA1BB7C50,0xF14376F8,0xDBE286ED,0x1BB7C50D,0x14376F8A,
            0xBE286EDF,0xBB7C50DD,0x4376F8A1,0xE286EDF1,0xB7C50DDB,0x376F8A1B,0x286EDF14,0x7C50DDBE,0x76F8A1BB,0x86EDF143,
            0xC50DDBE2,0x6F8A1BB7,0x6EDF1437,0x50DDBE28,0xF8A1BB7C,0xEDF14376,0x0DDBE286,0x8A1BB7C5,0xDF14376F,0xDDBE286E,
            0xA1BB7C50,0xF14376F8,0xDBE286ED,0x1BB7C50D,0x14376F8A,0xBE286EDF,0xBB7C50DD,0x4376F8A1,0xE286EDF1,0xB7C50DDB,
            0x376F8A1B,0x286EDF14,0x7C50DDBE,0x76F8A1BB,0x86EDF143,0xC50DDBE2,0x6F8A1BB7,0x6EDF1437,0x50DDBE28,0xF8A1BB7C,
            0xEDF14376,0x0DDBE286,0x8A1BB7C5,0xDF14376F,0xDDBE286E,0xA1BB7C50,0xF14376F8,0xDBE286ED,0x1BB7C50D,0x14376F8A,
            0xBE286EDF,0xBB7C50DD,0x4376F8A1,0xE286EDF1,0xB7C50DDB,0x376F8A1B,0x286EDF14,0x7C50DDBE,0x76F8A1BB,0x86EDF143,
            0xC50DDBE2,0x6F8A1BB7,0x6EDF1437,0x50DDBE28,0xF8A1BB7C,0xEDF14376,0x0DDBE286,0x8A1BB7C5,0xDF14376F,0xDDBE286E,
            0xA1BB7C50,0xF14376F8,0xDBE286ED,0x1BB7C50D,0x14376F8A,0xBE286EDF,0xBB7C50DD,0x4376F8A1,0x5286EDF1,0x5BE86EDE,
            0xBCA00435,0x6AB7D0DD,0x6EDE5008,0x04355BE8,0x84C1FBC0,0x6FA6DA07,0x6EDF1437,0x983F7828,0xF4DB40F0,0xDBE286ED,
            0x07EF050D,0x9B681E13,0x7C50DDBE,0xFDE0A1BB,0x6D03C260,0x8A1BB7D3,0xBC14376F,0xA0784C1F,0x4376FA6D,0x8286EDF1,
            0x0F0983F7,0x6EDF4DB4,0x50DDBE28,0xF8A1BB7C,0xEDF14376,0x0DDBE286,0xD0DDBCA5,0x80086AB7,0xDF14376F,0xDDBE286E,
            0xA1BB7C50,0x294376F8,0xADF4376F,0xDE50021A,0x355BE86E,0xDDBCA004,0x086AB7D0,0x14376F80,0xBE286EDF,0xBB7C50DD,
            0x4376F8A1,0xE286EDF1,0xB7C50DDB,0x376F8A1B,0x286EDF14,0x7C50DDBE,0x76F8A1BB,0x86EDF143,0xC50DDBE2,0x6F8A1BB7,
            0x6EDF1437,0x50DDBE28,0xF8A1BB7C,0xEDF14376,0x0DDBE286,0x8A1BB7C5,0xDF14376F,0xDDBE286E,0xA1BB7C50,0xF14376F8,
            0xDBE286ED,0x1BB7C50D,0x14376F8A,0xBE286EDF,0xBB7C50DD,0x4376F8A1,0xE286EDF1,0xB7C50DDB,0x376F8A1B,0x286EDF14,
            0x7C50DDBE,0x76F8A1BB,0x86EDF143,0xC50DDBE2,0x6F8A1BB7,0x6EDF1437,0x50DDBE28,0xF8A1BB7C,0xEDF14376,0x0DDBE286,
            0x8A1BB7C5,0xDF14376F,0xDDBE286E,0xA1BB7C50,0xF14376F8,0xDBE286ED,0x1BB7C50D,0x14376F8A,0xBE286EDF,0xBB7C50DD,
            0x4376F8A1,0xE286EDF1,0xB7C50DDB,0x376F8A1B,0x7EC1FBD4,0xEDF0F056,0x0DDBE286,0x8A1BB7C5,0xDF14376F,0xDDBE286E,
            0xA1BB7C50,0xB3F60FDE,0x376F8842,0xF8C1FBD4,0xEDF42A59,0x0DDBE286,0x8A1BB7C5,0xDF14376F,0xDDBE286E,0xA1BB7C50,
            0xF14376F8,0xDBE286ED,0x1BB7C50D,0x14376F8A,0xF7A86EDF,0x100F0983,0x286EDF0A,0x7C50DDBE,0x76F8A1BB,0x376F2943,
            0x021AADF4,0x9FC1FB94,0xC2006366,0xB7D36D03,0x376F8A1B,0x4C1FBC14,0xFA6DA078,0xEDF14376,0x83F78286,0x4DB40F09,
            0xBE286EDF,0x7EF050DD,0xB681E130,0xC50DDBE9,0xDE0A1BB7,0xD03C260F,0xA1BB7D36,0xC14376F8,0x0784C1FB,0x376FA6DA,
            0x286EDF14,0xBE86EDE5,0x72804355,0x6CD3F83F,0xA078400C,0x4376FA6D,0x8286EDF1,0x0F0983F7,0x6EDF4DB4,0x50DDBE28,
            0xE1307EF0,0xDBE9B681,0x1BB7C50D,0x260FDE0A,0x7D36D03C,0x76F8A1BB,0xC1FBC143,0xA6DA0784,0xDF14376F,0x3F78286E,
            0xDB40F098,0xE286EDF4,0xBCA50DDB,0x6AB7D0DD,0x07EE5008,0x018D9A7F,0x4DB40F08,0xBE286EDF,0x7EF050DD,0xB681E130,
            0xC50DDBE9,0xDE0A1BB7,0xD03C260F,0xA1BB7D36,0xC14376F8,0x0784C1FB,0x376FA6DA,0x286EDF14,0xF0983F78,0xEDF4DB40,
            0x0DDBE286,0x1307EF05,0xBE9B681E,0xBB7C50DD,0x4376F8A1,0xE286EDF1,0xBCA50DDB,0x6AB7D0DD,0x07EE5008,0x018D9A7F,
            0x4DB40F08,0xBE286EDF,0x7EF050DD,0xB681E130,0xC50DDBE9,0xDE0A1BB7,0xD03C260F,0xA1BB7D36,0xC14376F8,0x0784C1FB,
            0x376FA6DA,0x286EDF14,0xF0983F78,0xEDF4DB40,0x0DDBE286,0x1307EF05,0xBE9B681E,0xBB7C50DD,0x1BB794A1,0x010D56FA,
            0xF4376F28,0x94021AAD,0x669FC1FB,0x03C20063,0x1BB7D36D,0x14376F8A,0x784C1FBC,0x76FA6DA0,0x86EDF143,0x0983F782,
            0xDF4DB40F,0xDDBE286E,0x307EF050,0xE9B681E1,0xB7C50DDB,0x0FDE0A1B,0x36D03C26,0xF8A1BB7D,0xFBC14376,0xDA0784C1,
            0x14376FA6,0xE5286EDF,0x55BE86ED,0x3F728043,0x0C6CD3F8,0x6DA07840,0xF14376FA,0xF78286ED,0xB40F0983,0x286EDF4D,
            0xF050DDBE,0x81E1307E,0x0DDBE9B6,0x0A1BB7C5,0x3C260FDE,0xBB7D36D0,0x4376F8A1,0x84C1FBC1,0x6FA6DA07,0x6EDF1437,
            0x983F7828,0xF4DB40F0,0xDBE286ED,0xDDBCA50D,0x086AB7D0,0x14376F80,0xBE286EDF,0xBB7C50DD,0x4376F8A1,0xE286EDF1,
            0xB7C50DDB,0x376F8A1B,0x286EDF14,0x7C50DDBE,0x76F8A1BB,0x86EDF143,0xC50DDBE2,0x6F8A1BB7,0x6EDF1437,0x50DDBE28,
            0xF8A1BB7C,0xEDF14376,0x0DDBE286,0x8A1BB7C5,0xDF14376F,0xDDBE286E,0xA1BB7C50,0xF14376F8,0xDBE286ED,0x1BB7C50D,
            0x14376F8A,0xBE286EDF,0xDBCA50DD,0x86AB7D0D,0xF07EE500,0x8018D9A7,0xF4DB40F0,0xDBE286ED,0x07EF050D,0x9B681E13,
            0x7C50DDBE,0xFDE0A1BB,0x6D03C260,0x8A1BB7D3,0xBC14376F,0xA0784C1F,0x4376FA6D,0x8286EDF1,0x0F0983F7,0x6EDF4DB4,
            0x50DDBE28,0xE1307EF0,0xDBE9B681,0x1BB7C50D,0x14376F8A,0xBE286EDF,0xBB7C50DD,0x4376F8A1,0xE286EDF1,0xB7C50DDB,
            0x376F8A1B,0x286EDF14,0x7C50DDBE,0x76F8A1BB,0x86EDF143,0xC50DDBE2,0x794A1BB7,0xD56FA1BB,0x0FDCA010,0x031B34FE,
            0x9B681E10,0x7C50DDBE,0xFDE0A1BB,0x6D03C260,0x8A1BB7D3,0xBC14376F,0xA0784C1F,0x4376FA6D,0x8286EDF1,0x0F0983F7,
            0x6EDF4DB4,0x50DDBE28,0xE1307EF0,0xDBE9B681,0x1BB7C50D,0x260FDE0A,0x7D36D03C,0x76F8A1BB,0x376F2943,0x021AADF4,
            0x9FC1FB94,0xC2006366,0xB7D36D03,0x376F8A1B,0x4C1FBC14,0xFA6DA078,0xEDF14376,0x83F78286,0x4DB40F09,0xBE286EDF,
            0x7EF050DD,0xB681E130,0xC50DDBE9,0xDE0A1BB7,0xD03C260F,0xA1BB7D36,0xC14376F8,0x0784C1FB,0x376FA6DA,0x286EDF14,
            0xBE86EDE5,0x72804355,0x6CD3F83F,0xA07C400C,0xF1581E6D,0x76FA86ED,0x307EF143,0xDF74703E,0xDDBE286E,0x286EDF50,
            0x07C60FDE,0x0DDBEE8E,0x0A1BB7C5,0x3E260FDE,0xAC0F36D0,0x7D4376F8,0x3F78A1BB,0xBA381F18,0xDF14376F,0x376FA86E,
            0xE307EF14,0xEDF74703,0x0DDBE286,0x1307EF05,0x079B681F,0xA1BB7C56,0xBC50DDBE,0x1C0F8C1F,0x8A1BB7DD,0xB7D4376F,
            0x83F78A1B,0xFBA381F1,0xEDF14376,0x83F78286,0xCDB40F89,0xDDBE2B03,0x286EDF50,0x07C60FDE,0x0DDBEE8E,0xEA1BB7C5,
            0xFBC50DDB,0xD1C0F8C1,0xF8A1BB7D,0xFBC14376,0xDA07C4C1,0xDF1581E6,0x376FA86E,0xE307EF14,0xEDF74703,0x0DDBE286,
            0xE286EDF5,0xE07C60FD,0x50DDBEE8,0xE0A1BB7C,0x03E260FD,0x8AC0F36D,0xB7D4376F,0x83F78A1B,0xFBA381F1,0xEDF14376,
            0x4376FA86,0x3E307EF1,0x6EDF7470,0x50DDBE28,0xF8A1BB7C,0xEDF14376,0x0DDBE286,0x8A1BB7C5,0xDF14376F,0xDDBE286E,
            0xA1BB7C50,0xFA1BB794,0xF0010D56,0xDBE286ED,0x1BB7C50D,0x14376F8A,0xBE286EDF,0xDBCA50DD,0x86AB7D0D,0x4376F800,
            0xE286EDF1,0xB7C50DDB,0x376F8A1B,0x286EDF14,0x7C50DDBE,0x76F8A1BB,0x86EDF143,0xC50DDBE2,0x6F8A1BB7,0x6EDF1437,
            0x50DDBE28,0xF8A1BB7C,0xEDF14376,0x0DDBE286,0x8A1BB7C5,0xDF14376F,0xDDBE286E,0xA1BB7C50,0xF14376F8,0xDBE286ED,
            0x1BB7C50D,0x14376F8A,0xBE286EDF,0xBB7C50DD,0x4376F8A1,0xE286EDF1,0xB7C50DDB,0x376F8A1B,0x286EDF14,0x7C50DDBE,
            0x76F8A1BB,0x86EDF143,0xC50DDBE2,0x6F8A1BB7,0x6EDF1437,0x50DDBE28,0x7D0DDBCA,0xF80086AB,0xEDF14376,0x6EDE5286,
            0x04355BE8,0x8A1BB7C0,0xDF14376F,0xDDBE286E,0xA1BB7C50,0xF14376F8,0xDBE286ED,0xDDBCA50D,0x086AB7D0,0xA1BB7940,
            0x8010D56F,0xDF4376F2,0xE50021AA,0x55BE86ED,0xDBCA0043,0x86AB7D0D,0x1BB79400,0x010D56FA,0xF4376F28,0x50021AAD,
            0x5BE86EDE,0xB7C00435,0x376F8A1B,0x286EDF14,0x7C50DDBE,0x76F8A1BB,0x376F2943,0x021AADF4,0x9FC1FB94,0xC2006366,
            0xB7D36D03,0x376F8A1B,0x4C1FBC14,0xFA6DA078,0xEDF14376,0x83F78286,0x4DB40F09,0xBE286EDF,0x7EF050DD,0xB681E130,
            0xC50DDBE9,0xDE0A1BB7,0xD03C260F,0xA1BB7D36,0xC14376F8,0x0784C1FB,0x376FA6DA,0x286EDF14,0x7C50DDBE,0x76F8A1BB,
            0x86EDF143,0xC50DDBE2,0x6F8A1BB7,0x6EDF1437,0x50DDBE28,0x7D0DDBCA,0x940086AB,0x56FA1BB7,0x6F28010D,0x1AADF437,
            0x6EDE5002,0x04355BE8,0xD0DDBCA0,0x40086AB7,0x6FA1BB79,0xDCA010D5,0x1B34FE0F,0x681E1003,0x50DDBE9B,0xE0A1BB7C,
            0x03C260FD,0x1BB7D36D,0x14376F8A,0x784C1FBC,0x76FA6DA0,0x86EDF143,0x0983F782,0xDF4DB40F,0xDDBE286E,0x307EF050,
            0xE9B681E1,0xB7C50DDB,0x0FDE0A1B,0x36D03C26,0xF8A1BB7D,0x6F294376,0x1AADF437,0x6EDE5002,0x04355BE8,0x3F83F728,
            0x8400C6CD,0x6FA6DA07,0x6EDF1437,0x983F7828,0xF4DB40F0,0xDBE286ED,0x07EF050D,0x9B681E13,0x7C50DDBE,0xFDE0A1BB,
            0x6D03C260,0x8A1BB7D3,0xBC14376F,0xA0784C1F,0x4376FA6D,0x8286EDF1,0x0F0983F7,0x6EDF4DB4,0x50DDBE28,0x7D0DDBCA,
            0xE50086AB,0xD9A7F07E,0x40F08018,0x86EDF4DB,0x050DDBE2,0x1E1307EF,0xDDBE9B68,0xA1BB7C50,0xC260FDE0,0xB7D36D03,
            0x376F8A1B,0x4C1FBC14,0xFA6DA078,0xEDF14376,0x83F78286,0x4DB40F09,0xBE286EDF,0x7EF050DD,0xB681E130,0xC50DDBE9,
            0x794A1BB7,0xD56FA1BB,0x0FDCA010,0x031B34FE,0x9B681E10,0x7C50DDBE,0xFDE0A1BB,0x6D03C260,0x8A1BB7D3,0xBC14376F,
            0xA0784C1F,0x4376FA6D,0x8286EDF1,0x0F0983F7,0x6EDF4DB4,0x50DDBE28,0xE1307EF0,0xDBE9B681,0x1BB7C50D,0x260FDE0A,
            0x7D36D03C,0x76F8A1BB,0x86EDF143,0xE86EDE52,0x2804355B,0xCD3F83F7,0x078400C6,0x376FA6DA,0x286EDF14,0xF0983F78,
            0xEDF4DB40,0x0DDBE286,0x1307EF05,0xBE9B681E,0xBB7C50DD,0x60FDE0A1,0xD36D03C2,0x6F8A1BB7,0x1FBC1437,0x6DA0784C,
            0xF14376FA,0xF78286ED,0xB40F0983,0x286EDF4D,0xCA50DDBE,0xAB7D0DDB,0x7EE50086,0x18D9A7F0,0xDB40F080,0xE286EDF4,
            0xEF050DDB,0x681E1307,0x50DDBE9B,0xE0A1BB7C,0x03C260FD,0x1BB7D36D,0x14376F8A,0x784C1FBC,0x76FA6DA0,0x86EDF143,
            0x0983F782,0xDF4DB40F,0xDDBE286E,0x307EF050,0xE9B681E1,0xB7C50DDB,0xBB794A1B,0x10D56FA1,0xFE0FDCA0,0x10031B34,
            0xBE9B681E,0xBB7C50DD,0x60FDE0A1,0xD36D03C2,0x6F8A1BB7,0x1FBC1437,0x6DA0784C,0xF14376FA,0xF78286ED,0xB40F0983,
            0x286EDF4D,0xF050DDBE,0x81E1307E,0x0DDBE9B6,0x0A1BB7C5,0x3C260FDE,0xBB7D36D0,0x4376F8A1,0xE286EDF1,0xB7C50DDB,
            0x376F8A1B,0x286EDF14,0x7C50DDBE,0x76F8A1BB,0x86EDF143,0xC50DDBE2,0x6F8A1BB7,0x6EDF1437,0x50DDBE28,0xF8A1BB7C,
            0xEDF14376,0x0DDBE286,0x8A1BB7C5,0xDF14376F,0xDDBE286E,0xA1BB7C50,0xF14376F8,0xDBE286ED,0x1BB7C50D,0x14376F8A,
            0xBE286EDF,0xBB7C50DD,0x4376F8A1,0xE286EDF1,0xB7C50DDB,0x376F8A1B,0x286EDF14,0x7C50DDBE,0x76F8A1BB,0x86EDF143,
            0xC50DDBE2,0x6F8A1BB7,0x6EDF1437,0x50DDBE28,0xF8A1BB7C,0xEDF14376,0x0DDBE286,0x8A1BB7C5,0xDF14376F,0xDDBE286E,
            0xA1BB7C50,0xFA1BB794,0xF0010D56,0xDBE286ED,0x1BB7C50D,0x14376F8A,0xBE286EDF,0xBB7C50DD,0x4376F8A1,0xE286EDF1,
            0xB7C50DDB,0x376F8A1B,0x286EDF14,0x7C50DDBE,0x76F8A1BB,0x86EDF143,0xC50DDBE2,0x6F8A1BB7,0x6EDF1437,0x50DDBE28,
            0xF8A1BB7C,0xEDF14376,0x0DDBE286,0x8A1BB7C5,0xDF14376F,0xDDBE286E,0xA1BB7C50,0xF14376F8,0xDBE286ED,0x1BB7C50D,
            0x14376F8A,0xBE286EDF,0xBB7C50DD,0x4376F8A1,0xE286EDF1,0xB7C50DDB,0x376F8A1B,0x286EDF14,0x7C50DDBE,0x76F8A1BB,
            0x86EDF143,0xC50DDBE2,0x6F8A1BB7,0x6EDF1437,0x50DDBE28,0xF8A1BB7C,0xEDF14376,0x0DDBE286,0x8A1BB7C5,0xDF14376F,
            0xEDE5286E,0x4355BE86,0x0DDBCA00,0x0086AB7D,0x294376F8,0xADF4376F,0xFB94021A,0x63669FC1,0x6D03C200,0x8A1BB7D3,
            0xBC14376F,0xA0784C1F,0x4376FA6D,0x8286EDF1,0x0F0983F7,0x6EDF4DB4,0x50DDBE28,0xE1307EF0,0xDBE9B681,0x1BB7C50D,
            0x260FDE0A,0x7D36D03C,0x76F8A1BB,0xC1FBC143,0xA6DA0784,0xDF14376F,0xEDE5286E,0x4355BE86,0xF83F7280,0x400C6CD3,
            0xFA6DA078,0xEDF14376,0x83F78286,0x4DB40F09,0xBE286EDF,0x7EF050DD,0xB681E130,0xC50DDBE9,0xDE0A1BB7,0xD03C260F,
            0xA1BB7D36,0xC14376F8,0x0784C1FB,0x376FA6DA,0x286EDF14,0xF0983F78,0xEDF4DB40,0x0DDBE286,0x4A1BB7C5,0x6FA1BB79,
            0xDF0010D5,0xDDBE286E,0xA1BB7C50,0xF14376F8,0xDBE286ED,0x1BB7C50D,0x14376F8A,0xBE286EDF,0xBB7C50DD,0x4376F8A1,
            0xE286EDF1,0xB7C50DDB,0x376F8A1B,0x286EDF14,0xBE86EDE5,0x72804355,0x6CD3F83F,0xA078400C,0x4376FA6D,0x8286EDF1,
            0x0F0983F7,0x6EDF4DB4,0x50DDBE28,0xE1307EF0,0xDBE9B681,0x1BB7C50D,0x260FDE0A,0x7D36D03C,0x76F8A1BB,0xC1FBC143,
            0xA6DA0784,0xDF14376F,0x3F78286E,0xDB40F098,0xE286EDF4,0xBCA50DDB,0x6AB7D0DD,0x07EE5008,0x018D9A7F,0xCDB40F88,
            0xDDBE2B03,0x286EDF50,0x07C60FDE,0x0DDBEE8E,0xEA1BB7C5,0xFBC50DDB,0xD1C0F8C1,0xF8A1BB7D,0xFBC14376,0xDA07C4C1,
            0xDF1581E6,0x376FA86E,0xE307EF14,0xEDF74703,0x0DDBE286,0xE286EDF5,0xE07C60FD,0x50DDBEE8,0xE0A1BB7C,0x03E260FD,
            0x8AC0F36D,0xB7D4376F,0x83F78A1B,0xFBA381F1,0xEDF14376,0x4376FA86,0x3E307EF1,0x6EDF7470,0x50DDBE28,0xF1307EF0,
            0x6079B681,0xEA1BB7C5,0xFBC50DDB,0xD1C0F8C1,0xF8A1BB7D,0xBB7D4376,0x183F78A1,0x6FBA381F,0x6EDF1437,0x983F7828,
            0x3CDB40F8,0x0DDBE2B0,0xE286EDF5,0xE07C60FD,0x50DDBEE8,0xBEA1BB7C,0x1FBC50DD,0xDD1C0F8C,0x6F8A1BB7,0x1FBC1437,
            0x6DA07C4C,0xEDF1581E,0x4376FA86,0x3E307EF1,0x6EDF7470,0x50DDBE28,0xDE286EDF,0x8E07C60F,0xC50DDBEE,0x794A1BB7,
            0xD56FA1BB,0x0FDCA010,0x031B34FE,0x9B681E10,0x7C50DDBE,0xFDE0A1BB,0x6D03C260,0x8A1BB7D3,0xBC14376F,0xA0784C1F,
            0x4376FA6D,0x8286EDF1,0x0F0983F7,0x6EDF4DB4,0x50DDBE28,0xE1307EF0,0xDBE9B681,0x1BB7C50D,0x260FDE0A,0x7D36D03C,
            0x76F8A1BB,0x86EDF143,0xE86EDE52,0x2804355B,0xCD3F83F7,0x7DC300C6,0x6AA65A96,0xE2C19075,0x66101E1C,0x72607483,
            0x004943F0,0x200EA18D,0xCD0607F7,0xA8C69FE6,0x3103E003,0x50DDBE24,0xF8A1BB7C,0xFBC14376,0xC5367EC1,0xF8C1FBC1,
            0xBB7DD1C0,0x60FDE0A1,0xBEE8E07C,0x7EF050DD,0x74703E30,0x78286EDF,0xA6CFD83F,0x094D9F84,0x67EC1FBC,0x1FBC0253,
            0x025367EC,0xEC3C1FBC,0xAA65A967,0x2C190756,0x6101E1CE,0x26074836,0x04943F07,0x314038D0,0x668303C0,0x353F15F3,
            0x0E8C4782,0x81C40F80,0x286EDF72,0x7C50DDBE,0xDBE0A1BB,0xC1FBC50D,0xE00ACF84,0x1FBC6E91,0xF14D9F8C,0x027659F4,
            0x27659F48,0x8C1FBC00,0xF4F14D9F,0xC0027659,0xD9F8C1FB,0x659FCF14,0x7EF00047,0x74703E30,0x78286EDF,0x381F183F,
            0x14376FBA,0x0F8C1FBC,0x1BB7DD1C,0xC60FDE0A,0xFA78A6CF,0xE0013B2C,0x3F61E0FD,0xB5532D4B,0x7160C83A,0xB3080F0E,
            0x39303A41,0x8024A1F8,0x018A01C6,0x9B34181E,0x11A9F8AF,0x0074623C,0x940E207C,0xF14376FB,0xDBE286ED,0x6EDF050D,
            0x260FDE28,0x8F00567C,0x60FDE374,0xA78A6CFC,0x40A3B2CF,0x0A3B2CFA,0xFC60FDE0,0xCFA78A6C,0xDE00A3B2,0xA6CFC60F,
            0x3B2CFE78,0x83F78002,0xFBA381F1,0xFBC14376,0xD1C0F8C1,0xE0A1BB7D,0xE07C60FD,0x50DDBEE8,0x7E307EF0,0x67D3C536,
            0xEF0051D9,0x59FB0F07,0xD5AA996A,0x738B0641,0x0D984078,0xC1C981D2,0x3401250F,0xF00C500E,0x7CD9A0C0,0xE08D4FC5,
            0xE003A311,0xDCA07103,0x6F8A1BB7,0x6EDF1437,0x4376F828,0xE1307EF1,0xA47802B3,0xE307EF1B,0x7D3C5367,0xD2111D96,
            0x0111D967,0x67E307EF,0x967D3C53,0x7EF0111D,0xC5367E30,0x11D967F3,0x8C1FBC00,0xB7DD1C0F,0x0FDE0A1B,0xEE8E07C6,
            0xEF050DDB,0x4703E307,0x8286EDF7,0xB3F183F7,0xCB3E9E29,0x3F78088E,0x52CFD878,0x0EAD54CB,0xC39C5832,0x906CC203,
            0x7E0E4C0E,0x71A00928,0x07806280,0x2BE6CD06,0x8F046A7E,0x1F001D18,0xBEE50388,0xBB7C50DD,0x4376F8A1,0x8A1BB7C1,
            0x9F0983F7,0xDD23C015,0x3F183F78,0xB3E9E29B,0x3E9208EC,0x78208ECB,0x9B3F183F,0xECB3E9E2,0x83F78208,0x9E29B3F1,
            0x008ECB3F,0x7C60FDE0,0xDDBEE8E0,0x307EF050,0xDF74703E,0x3F78286E,0xBA381F18,0xBC14376F,0x4D9F8C1F,0x7659F4F1,
            0xC1FBC104,0x5A967EC3,0x90756AA6,0x1E1CE2C1,0x74836610,0x43F07260,0x038D0049,0x303C0314,0xF15F3668,0xC4782353,
            0x40F800E8,0xEDF7281C,0x0DDBE286,0x0A1BB7C5,0xBC50DDBE,0xACF84C1F,0xC6E91E00,0xD9F8C1FB,0x659F4F14,0x59F48047,
            0xFBC00476,0x14D9F8C1,0x47659F4F,0x8C1FBC00,0xFCF14D9F,0x00047659,0x03E307EF,0x86EDF747,0xF183F782,0x76FBA381,
            0xC1FBC143,0x7DD1C0F8,0xFDE0A1BB,0x8A6CFC60,0x23B2CFA7,0xA1BB7940,0x8010D56F,0xDF4376F2,0xE50021AA,0x55BE86ED,
            0x3F728043,0x0C6CD3F8,0x6DA07840,0xF14376FA,0xF78286ED,0xB40F0983,0x286EDF4D,0xF050DDBE,0x81E1307E,0x0DDBE9B6,
            0x0A1BB7C5,0x3C260FDE,0xBB7D36D0,0x4376F8A1,0x84C1FBC1,0x6FA6DA07,0x6EDF1437,0x983F7828,0xF4DB40F0,0xDBE286ED,
            0xDDBCA50D,0x086AB7D0,0xA1BB7940,0xA010D56F,0x34FE0FDC,0x1E10031B,0xDDBE9B68,0xA1BB7C50,0xC260FDE0,0xB7D36D03,
            0x376F8A1B,0x4C1FBC14,0xFA6DA078,0xEDF14376,0x83F78286,0x4DB40F09,0xBE286EDF,0x7EF050DD,0xB681E130,0xC50DDBE9,
            0xDE0A1BB7,0xD03C260F,0xA1BB7D36,0x294376F8,0xADF4376F,0xFB94021A,0x63669FC1,0x6D03C200,0x8A1BB7D3,0xBC14376F,
            0xA0784C1F,0x4376FA6D,0x8286EDF1,0x0F0983F7,0x6EDF4DB4,0x50DDBE28,0xE1307EF0,0xDBE9B681,0x1BB7C50D,0x260FDE0A,
            0x7D36D03C,0x76F8A1BB,0xC1FBC143,0xA6DA0784,0xDF14376F,0xEDE5286E,0x4355BE86,0xF83F7280,0x400C6CD3,0xFA6DA078,
            0xEDF14376,0x83F78286,0x4DB40F09,0xBE286EDF,0x7EF050DD,0xB681E130,0xC50DDBE9,0xDE0A1BB7,0xD03C260F,0xA1BB7D36,
            0xC14376F8,0x0784C1FB,0x376FA6DA,0x286EDF14,0xF0983F78,0xEDF4DB40,0x0DDBE286,0xD0DDBCA5,0x50086AB7,0x9A7F07EE,
            0x0F08018D,0x6EDF4DB4,0x50DDBE28,0xE1307EF0,0xDBE9B681,0x1BB7C50D,0x260FDE0A,0x7D36D03C,0x76F8A1BB,0xC1FBC143,
            0xA6DA0784,0xDF14376F,0x3F78286E,0xDB40F098,0xE286EDF4,0xEF050DDB,0x681E1307,0x50DDBE9B,0x94A1BB7C,0x56FA1BB7,
            0xFDCA010D,0x31B34FE0,0xB681E100,0xC50DDBE9,0xDE0A1BB7,0xD03C260F,0xA1BB7D36,0xC14376F8,0x0784C1FB,0x376FA6DA,
            0x286EDF14,0xF0983F78,0xEDF4DB40,0x0DDBE286,0x1307EF05,0xBE9B681E,0xBB7C50DD,0x60FDE0A1,0xD36D03C2,0x6F8A1BB7,
            0x76F29437,0x21AADF43,0xFC1FB940,0x20063669,0x7D36D03C,0x76F8A1BB,0xC1FBC143,0xA6DA0784,0xDF14376F,0x3F78286E,
            0xDB40F098,0xE286EDF4,0xEF050DDB,0x681E1307,0x50DDBE9B,0xE0A1BB7C,0x03C260FD,0x1BB7D36D,0x14376F8A,0x784C1FBC,
            0x76FA6DA0,0x86EDF143,0xE86EDE52,0x2804355B,0xCD3F83F7,0x078400C6,0x376FA6DA,0x286EDF14,0xF0983F78,0xEDF4DB40,
            0x0DDBE286,0x1307EF05,0xBE9B681E,0xBB7C50DD,0x60FDE0A1,0xD36D03C2,0x6F8A1BB7,0x1FBC1437,0x6DA0784C,0xF14376FA,
            0xF78286ED,0xB40F0983,0x286EDF4D,0xCA50DDBE,0xAB7D0DDB,0x7EE50086,0x18D9A7F0,0xDB40F080,0xE286EDF4,0xEF050DDB,
            0x681E1307,0x50DDBE9B,0xE0A1BB7C,0x03C260FD,0x1BB7D36D,0x14376F8A,0x784C1FBC,0x76FA6DA0,0x86EDF143,0x0983F782,
            0xDF4DB40F,0xDDBE286E,0x307EF050,0xE9B681E1,0xB7C50DDB,0x376F8A1B,0x84C1FBD4,0x6FA6DA07,0x6EDF1437,0x50DDBE28,
            0x1E1307EF,0xDDBE9B68,0xA1BB7C50,0xF14376F8,0xDBE286ED,0x1BB7C50D,0x14376F8A,0xBE286EDF,0xBB7C50DD,0x4376F8A1,
            0xE286EDF1,0xB7C50DDB,0x376F8A1B,0x286EDF14,0x7C50DDBE,0x76F8A1BB,0x86EDF143,0xC50DDBE2,0x6F8A1BB7,0x6EDF1437,
            0x50DDBE28,0xF8A1BB7C,0xEDF14376,0x0DDBE286,0x8A1BB7C5,0xDF14376F,0xDDBE286E,0xA1BB7C50,0xF14376F8,0xDBE286ED,
            0x1BB7C50D,0x14376F8A,0xBE286EDF,0xBB7C50DD,0x4376F8A1,0xE286EDF1,0xB7C50DDB,0x376F8A1B,0x286EDF14,0x7C50DDBE,
            0x76F8A1BB,0x86EDF143,0xC50DDBE2,0x6F8A1BB7,0x6EDF1437,0x50DDBE28,0xF8A1BB7C,0xEDF14376,0x0DDBE286,0x8A1BB7C5,
            0xDF14376F,0xDDBE286E,0xA1BB7C50,0xF14376F8,0xDBE286ED,0x1BB7C50D,0x14376F8A,0xBE286EDF,0xBB7C50DD,0x4376F8A1,
            0xE286EDF1,0xB7C50DDB,0x376F8A1B,0x286EDF14,0x7C50DDBE,0x76F8A1BB,0x86EDF143,0xC50DDBE2,0x6F8A1BB7,0x6EDF1437,
            0x50DDBE28,0xF8A1BB7C,0xEDF14376,0x0DDBE286,0x8A1BB7C5,0xDF14376F,0xDDBE286E,0xA1BB7C50,0xF14376F8,0xDBE286ED,
            0x1BB7C50D,0x14376F8A,0xBE286EDF,0xBB7C50DD,0x4376F8A1,0xE286EDF1,0xB7C50DDB,0x376F8A1B,0x4376F294,0x0021AADF,
            0xBE86EDE5,0xCA004355,0xAB7D0DDB,0x76F80086,0x86EDF143,0xC50DDBE2,0x6F8A1BB7,0x6EDF1437,0x50DDBE28,0xF8A1BB7C,
            0xEDF14376,0x0DDBE286,0x8A1BB7C5,0xDF14376F,0xDDBE286E,0xA1BB7C50,0xF14376F8,0xDBE286ED,0x1BB7C50D,0x14376F8A,
            0xBE286EDF,0xBB7C50DD,0x4376F8A1,0xE286EDF1,0xB7C50DDB,0x376F8A1B,0x286EDF14,0xCA50DDBE,0xAB7D0DDB,0xB7940086,
            0x0D56FA1B,0xD967F201,0x07EF0011,0x22CB67E3,0x009D967D,0x7E307EF0,0x67D22CB6,0xEF0051D9,0xCB67E307,0x1D967D22,
            0x307EF011,0xD22CB67E,0x0411D967,0x67E307EF,0x967D22CB,0xDBCA011D,0x86AB7D0D,0x1BB79400,0x010D56FA,0xF4376F28,
            0x50021AAD,0x5BE86EDE,0xBCA00435,0x6AB7D0DD,0xBB794008,0x10D56FA1,0x4376F280,0x0021AADF,0x73EB0AE1,0x8829C52C,
            0xF5DFF7A7,0xC33D63DA,0x08B2F129,0x5C3C454E,0x9DE99E7E,0xF834E0E8,0x5A70783E,0x5D8349F2,0xF5BDC00F,0x864A3798,
            0x1A4E51D3,0xEDC07F6F,0x5ABBD7A0,0xE13D38E9,0x4030CC28,0x34370A38,0x0FC28E10,0x08A38402,0xDC87881D,0xB01D0D0F,
            0x815228F3,0x0327C870,0xAEFB84F9,0x7D775C07,0x3C40CC97,0xF0C471E4,0xED03B9F9,0xAC21C050,0x1DC71803,0x77B03D76,
            0xD56DF41C,0xDF90F103,0xB6038311,0x78143C40,0x1610F5A8,0x1E790E10,0x3806051A,0xE9887BE4,0x0752EE40,0x0D380F08,
            0xD775C07B,0x28E10303,0x38402D7D,0xBCFCF86E,0x2055E43D,0xC02BB09C,0x0EA94700,0xEBB22DD5,0xFAEEBBAE,0x838F9CF6,
            0xD203B21E,0x7043A1D1,0xE8E101A1,0x202C21F0,0x40CA6B1C,0xEBB9F13B,0x775DD741,0xD510F5DD,0xE203FE3B,0x4F5DBED9,
            0x6CE10078,0x3840AEFF,0x102BB03B,0x0AEE0ECE,0x079E1384,0x9970815E,0x013539E4,0xBC47043E,0x5CB8419F,0x797080DB,
            0xA8E901AA,0x6767F0FC,0x91FBBE0E,0x8FDE2F1B,0xD1F83C27,0x101C3CCF,0xFF9D77EF,0xA40673BF,0x5E076713,0x81C0A9DF,
            0x1D9C2040,0x840FF13D,0x1E270BB3,0xF1767080,0x4E100BC4,0x99F80A5B,0xE807C210,0x775CB841,0x97081EF0,0x815C3F2B,
            0x1F460F80,0xE12E681F,0xF1DD3821,0xB1ADC204,0x22F08101,0x7BE03A79,0xBA93C711,0xBBBBD384,0x076F9E02,0x78A2917C,
            0xE94F0374,0x7C3D89E1,0x5278122F,0x6F7A708F,0x04CFC057,0xC4DD1E3F,0x6278FA53,0xE0194F1F,0x2F7C0389,0x08D27832,
            0x89E0994F,0x5A1F7C13,0x87FBA384,0x4FA7099C,0x61EA0577,0xDDCE5DF2,0x76784C1F,0xFC978F79,0xEAE2A0C9,0x0F1A4478,
            0x72AE10E8,0xA002BB3D,0x6B1D165F,0xF34D03E7,0xC7B93B3E,0xAACA3E4B,0x1C0306B8,0x7C8F3F6E,0x57A9FB83,0x55DE5E3D,
            0x501C340F,0x70D42CB9,0x88423C4D,0x87C97407,0x3CA00FA9,0x8ED7AAF0,0xC80B057A,0xD9E6D197,0x80C9C0F7,0xE28910BE,
            0x54C3C45A,0xFBCFE907,0xF570E501,0x6E4CE7BE,0x9A753D02,0x6B8D0BC7,0xC34C1E13,0xC201A753,0xD70FC165,0x7C8F503A,
            0x767D2F9D,0x7F178F79,0x97AF83E4,0xC21D7091,0x9767EA55,0xEF23A407,0x78A65B67,0x2EB81A0E,0x01E308F5,0xE503B3AA,
            0x3BB3FD20,0xB8BABC78,0x9F08E11E,0x578CBC40,0x501B939F,0x401FD30E,0xF49CEEDA,0xA877F6A1,0x0E93EB88,0x389B9DCF,
            0x07ECFEA0,0x65D20371,0xCF26439D,0xB7F1FDD6,0x710C86E1,0x7BCFBA54,0xE474E310,0x3183C101,0x3A9F80D7,0x178F60F8,
            0x0E619776,0x79991F7A,0x3F837022,0x46C2144D,0x0F08AD47,0x9DB5FC46,0xED32ED03,0xDA03BAC1,0xF1EFD6CF,0xD976AD8A,
            0x6E06A0E4,0x17723A4C,0xE3E6DF9F,0xF04DC0AF,0xE1E30F1D,0xCC3C263A,0xD038771A,0x07DAE2B3,0xEF620EEE,0xD3AEEBBA,
            0x88EBBDCF,0xE6B88E6B,0x3DCF2388,0x5DE101E2,0x718D0C0F,0xD8A0E580,0x2FC9E131,0x7AA01C89,0x178F28EA,0x0F35B865,
            0x9E601D24,0x61FD3CF0,0x691A41DB,0x07D6A3D3,0x38441F40,0x44CB32F1,0x30F1BA37,0xF926F11D,0x1EF26FA8,0x77D987A8,
            0x007E8F39,0x53F57AE0,0x9CBC7E2F,0x30F119B8,0x7C0FCECF,0x12474807,0xDC0F0DE7,0x1E273704,0x81F5D866,0x70F5002F,
            0xC9E3B9E5,0x735D520E,0xAFCBEA7E,0xA0B71C72,0xF73E9E1D,0xEF839E9A,0x483CA5E3,0xB1EEF97E,0x8496E1DE,0x9BE714C3,
            0x3E2A80F1,0x807C7E98,0x18CB94E1,0xF1FCA1CF,0xE6BF0C72,0xADC2B693,0x76B98708,0xEE61DA06,0x3FA7B483,0x073E0E0E,
            0x7EEFC7DC,0xEEB1FD59,0x2384D6E3,0x80F0670F,0x0324B570,0x3E661E03,0x6DD67098,0x4F7E1BE9,0xDDA0F89D,0xA8BE6DE3,
            0xB1FE9077,0x39B612F6,0x5CBD466A,0xA9FBC37E,0x7BD41F13,0x20072CDC,0x1E22749F,0x491DA3DD,0xF8ECF39E,0xFA21CF68,
            0x541EA629,0x90B7BE6C,0x7A0CB6E2,0x0BE37BB8,0x301E33C0,0xF61AFF9D,0xBC7E0753,0x31AE6358,0x23AF41C0,0x703F67ED,
            0x4C38063B,0xC3740079,0xD887B5D3,0x250E7C87,0x6AFB978F,0xC1DD63FE,0x08C1F1ED,0xF27511E3,0x10E7CE65,0x2E53F8F7,
            0x3B868DF3,0xC79983E0,0xBC4FEA07,0xF2C07E4C,0xE40EB9C3,0x96379ECB,0xC8D64B5E,0x1F06FA4F,0x13BE2528,0x88CC3C45,
            0x1F114C2F,0x1DE12860,0x8405AF11,0x9A6F666B,0xE1B62F03,0xC3C62183,0xEC4EF8BC,0xE11F30F1,0x569BDC9A,0xE4307C02,
            0x789F9878,0xE9BF34B5,0xE65C2037,0x840B983D,0x0143B423,0x3C66183E,0xD07847DC,0x02674FAD,0xCFCE4708,0xF2E10064,
            0xC1C073C8,0xA3846B8B,0xF1014B8F,0x0710D4D8,0xE68F01DA,0xC21B01E3,0x6603F7D1,0x01EB4780,0x7803B68F,0x3840B182,
            0x70811586,0x206D73B4,0x403E231C,0x4463840D,0x7081A807,0x1D204D8C,0x1F3C1863,0x7F68F034,0x7EF47081,0x2D1C2076,
            0xC708025C,0xC205F644,0x2D7B6983,0xD13840B7,0xF015E07C,0x89E20A3D,0xF689C206,0x3840AF03,0x15E071D1,0x0E7A2708,
            0xC4F10178,0x5DD701F0,0x56A93C01,0x8102F7C0,0xBDF0E127,0x0449E140,0x78302F7C,0x0BDF0912,0xC1449E1C,0x278F02F7,
            0x20BDF151,0x7C7449E2,0x1278042F,0x0A0BDF13,0xF7C2C49E,0xB1278A82,0xE1A0BDF1,0x2F7C1C49,0x171278E8,0x9E060BDF,
            0x82F7C3C4,0xF0092789,0x49E3E0BD,0xB82F7C22,0xDF049278,0x249E1E0B,0x8842F7C5,0xBDF0C927,0x0A49E320,0x78C42F7C,
            0x0BDF1692,0xC3A49E09,0x2785C2F7,0x90BDF199,0x7C1649E1,0x9278E42F,0x3D0BDF15,0xF7C5E49E,0x052784C2,0xE0B0BDF1,
            0x2F7C2149,0x1852781C,0x9E330BDF,0xFA9C2594,0xA7880F5E,0x181DC6FE,0x5641A708,0xB069E201,0x02BC0F01,0xE2F434E1,
            0xB08D3840,0x634E1028,0xC205781E,0x80D9D269,0xC0EA9A70,0x534E102B,0xD384098E,0xE100A3F8,0x5781CD34,0x9DA69C20,
            0xAB34F00D,0x840B5A67,0x02BBDED3,0xAECFB4E1,0xBBED3840,0x474E102B,0xD3840AEC,0xE102BB51,0x40AEE474,0x2BB49D38,
            0xECA74E10,0x99D3840A,0x74E102BB,0x3840AEE9,0x102BBE5D,0x0AEC574E,0x73293384,0xD04CF100,0xE102AB40,0x0080E9CC,
            0x102B299E,0x0E0C1CCE,0x06F699E0,0xBCC62CE1,0x3A4B3840,0xF97BE023,0x15CABDF0,0x73E5EF08,0x97BC2019,0xF08065AF,
            0x07C6295E,0x1CA57BC2,0x1EB3C01F,0xE5EB3C05,0xE102A8D9,0x4008CFAC,0x2BB7EB38,0x0A036780,0x0290D9E0,0x06786CE1,
            0x5D84D9C2,0x71367081,0x4D9C2057,0x670815DE,0xC2057653,0x815DD4D9,0x032D3670,0x06C66CE1,0x7A5B3840,0x67080B12,
            0xC200862B,0x1F13AAD9,0x7D5B3840,0x670803E2,0x007C4E6B,0x89ED6CE1,0xAD9C200F,0x670815DB,0xC20577EB,0x840A8DB9,
            0x815043F7,0x867BB378,0x22F08141,0xC20717DD,0x029CCC8B,0xE782B708,0xF0ADC202,0x2B7081D9,0xBC20526F,0x840CE448,
            0x03D34BEB,0xA8F57AE1,0x7E9CB840,0x97081480,0x00C40FF3,0x81FFF2E1,0x015C207B,0x840E703B,0xCA07922B,0xE1457080,
            0xAE101140,0x01501E74,0x039E95C2,0x32B8404A,0x081E4070,0x5D9FD557,0xAEAE1034,0x20203B3D,0x1E1C50DC,0x9FE8D708,
            0xAE100DBD,0x84058D31,0xF009CC6B,0x403E289A,0xB135C270,0x84060CB7,0x2F57A66B,0xE94D7081,0x03E2D34D,0x2A6BC0DD,
            0x08F880F8,0xE00EDC17,0xFB82E102,0x5C205C01,0x078038F0,0x07910B84,0x217081C8,0x100180EA,0x201F442E,0xC585C203,
            0x6170810D,0x5C205169,0x08145E58,0x100F3C17,0xEC42E100,0x5C200A01,0x7C657AF0,0xB2B0B840,0xC45E1011,0x063D83FA,
            0x78D88BC2,0x7840C7B0,0xF60F9B11,0xBC170804,0xE103E00F,0xA773D922,0xD88BC204,0x40A7B07E,0x807710B8,0x4517080A,
            0x102C3B9E,0xA01FC42E,0xF245C201,0x84034EE7,0x9DCF148B,0xA5170806,0x10343B9F,0x773E522E,0x485C203A,0x40EC657C,
            0xDCF728B8,0x217481A1,0x5E1DB461,0x2E102369,0x03201CF8,0xE78545C2,0x0B84050E,0x81580749,0xB9F95170,0x42E10243,
            0x202E01F2,0x403DF05C,0x690B8406,0x08038CAF,0x995EFC17,0xA42E1032,0xC205801F,0xC657CC85,0x850B8409,0x70801807,
            0xB195F721,0xDE42E101,0xC203632B,0xF4038285,0xFDA8B840,0x708041DC,0x1900FFC1,0x1F142E10,0x85C207A0,0x407403D2,
            0x807650B8,0xCA17080E,0x101D195F,0xA01C542E,0x8085C205,0xB8406403,0xE8CAF350,0xF6A17080,0xE101D195,0xA32BFD42,
            0xC085C205,0xB8406403,0x00807ED0,0x0FBA1708,0x42E10210,0x201C01EF,0x4039E85C,0x410B8408,0x7080C807,0x1995F821,
            0xC842E102,0x5C205201,0x0A403D08,0x07610B84,0x21708148,0x102900FC,0x401CCC2E,0xD985C202,0xB8404803,0x14807110,
            0x0EDA1708,0xC2E10010,0x204C01D0,0x803F985C,0x5F0B840A,0xDFC1E102,0xE7840AAD,0x1278703F,0xEC7FCF08,0x5E1022F0,
            0x4561DB00,0x8A80BC20,0x7840D743,0xB707F381,0xC882F081,0xE101060F,0xE41F0905,0x260BC201,0x8405103C,0x207D4C17,
            0x982F0808,0x100380F5,0x01C7305E,0xE0BC2063,0xF08045B9,0x655E6C42,0x623BE029,0x4CCA07C2,0xC33FC778,0x7D1DE103,
            0x7784022C,0x102B390C,0x1DC231DE,0x4BBC2064,0x80B10794,0x709B340F,0x50E1FAE1,0x7EC1E100,0xC20197DE,0x2FB8FD83,
            0x67078407,0x88181F71,0x60FBF60F,0x2018DDCA,0x03EBBA3C,0xF4784040,0xE102C359,0x8FDCE421,0x0383C203,0x40E44079,
            0x0FFFB078,0x0F080EE8,0x9A01F081,0xF021E102,0x2048203D,0x63C0383C,0x087C4014,0xFAC80FC6,0x1E102590,0x08D9DFCA,
            0xC9963C20,0xD8F08101,0x020A0F52,0x1F36A1E1,0x63C206BA,0x7840EF5F,0x024B841C,0x3EB021E1,0x3C2069F0,0x80C5D22E,
            0x1EC0E0F0,0x1E10382C,0x8583E81C,0xC043C204,0x404D307B,0x0F107078,0x8F080D6E,0x20307D37,0x07C8383C,0x078403AF,
            0x9810F507,0x60E0F080,0x1031421E,0xC9EC1C1E,0xC13C200D,0xE0F0811A,0x25321EE0,0xFB661E10,0xC205E483,0x687F8383,
            0x70784088,0x190D0F86,0xF10E0F08,0xE10375A1,0xE83C2961,0xD13C2044,0xF0804185,0xC26E82C4,0x8589E103,0xC20364DE,
            0x49BB0B13,0x1627840F,0x0818D379,0x91FAAB0F,0x89E101B2,0x010CDDC5,0x786AC3C2,0x7840D140,0xB4278D58,0x32C4F080,
            0xE1027E6F,0x001C9D89,0xC6C3C203,0x40DDB07C,0xFBC89278,0x19C1E103,0x2077EC3F,0x8794383C,0x078408A3,0xCE70F687,
            0xD0E0F080,0x10242E1F,0xC3C61C1E,0x93C20585,0x06203BFD,0xF9870784,0xF080F908,0xD11EB0E0,0x1C1E100F,0x206FBDCE,
            0x47BC383C,0x878405EC,0xFEF8FF5F,0x5BF0F081,0x1026681F,0x0CD47A9E,0xC4707840,0x08180A8F,0x51F4CE0F,0xC1E1011B,
            0x7EDA3E91,0xE99D3C20,0xE0F880D1,0x4063CB08,0x2383C205,0x40E80C7F,0x8FF47078,0x0F080FA1,0x7231E18E,0x3819E103,
            0x478405CD,0x3480F9DC,0xBDE19F00,0x41A58E0F,0x07C02678,0x4CF081C8,0x1E103B6B,0x0763FB1C,0xE383C202,0x40E89C78,
            0x8F5C7078,0x0F08018B,0x3171F38E,0x71C1E101,0x20472E3F,0x4592CB3C,0x68C8F080,0x102ED11E,0x034FD59E,0x7BE383C2,
            0x7840B23C,0x08054BD6,0xF1FF8E0F,0xD9E1024E,0x3C2016BC,0x80A1ED5B,0x2360ECF0,0xEB9D9E10,0x707840B8,0x01004F82,
            0xF8D3D9F0,0x840A84E0,0x283220E7,0xB899CF80,0x62707840,0x080A944F,0x89FC4E0F,0xC1E10361,0x6C313C49,0xC9383C20,
            0x84084627,0xC4F52707,0xE0F88122,0xEB13CB44,0xD1B9F001,0x4E0F0816,0x03DF89EE,0x3FC9C1E1,0x3C202089,0x89278538,
            0xA7078400,0x802D24F8,0x9E94E0F0,0x1E103BA4,0x7493F29C,0x5383C207,0x406E927D,0x4F6A7078,0x0F0803F2,0xFD49E34E,
            0x69C1E103,0x2059E93D,0x27ED383C,0xF3E0030B,0x1E1028ED,0x6793DE9C,0xD383C206,0x000AF27F,0x02F13F3E,0x3D19C1E1,
            0x3C204DF9,0x00A79338,0x67078406,0x80F014F6,0x147A2D70,0x00000000,
        };
        // created: 2025-09-10T17:13:48.396Z
        // unicode: 17.0.0 (2025-09-10T16:58:18.331Z)
        // magic: 2 6 8 11 14 15 18
        internal static readonly uint[] NF = new uint[] { // 5104 bytes
            0x04EBBB7B,0x3622208D,0x0F4901C0,0x8ABC1EC8,0x01A105CF,0x11110101,0x080D0B4C,0xE2788808,0x0FD80FDE,0x801FC2B3,
            0xAC71FE32,0x322C87EF,0x81FA5832,0x5C461E59,0x1D1498B8,0xB0732888,0x668669C7,0x5C8687B4,0x129BC61C,0x2F15783C,
            0xE329DC7B,0x53D8F91A,0x7D101746,0x080D0FC0,0x0D088808,0x0D0D8908,0x18880808,0x4E8703C3,0x764924EF,0xC1C18C2A,
            0xE491C1C1,0xF8E01E4E,0x48CF7A03,0x8F598DAE,0x61C51F61,0x0A386529,0xB542CAD2,0xD14F13DA,0x223027B1,0xC7D1543A,
            0xF8C0E3B9,0xC08EB1C7,0xFB51CB03,0x87A03E50,0xF4EEC602,0xEA10F5D0,0x85B44FEF,0xCE0180E8,0x7A583235,0x4107CF3C,
            0xC7C8307A,0x8FC61A6A,0x4044402E,0x42304868,0x45C2C302,0xB5114500,0x39587000,0x604F470C,0x0E8D7310,0x5C785444,
            0x374F187C,0x9AFFC7E9,0x952790D0,0xA9D92492,0x07070630,0x3B924707,0x652F81F9,0x3F8FC324,0xDD8CB64F,0x07EBA1E9,
            0xD10B6926,0x65FC0301,0x80020E91,0x3861CAC3,0x3883027A,0x54FA5C91,0xFB73FB30,0x92652E5A,0x8F49A4DA,0x0A8AB868,
            0xEC7F441F,0x128AF415,0xAB7C7174,0x7F6F5E86,0x47C35F75,0xE7B7D215,0x1FC680FA,0xFFD4E2CC,0x7FB7CAA6,0xCBE8883E,
            0x2B0BE151,0x4F9EF27E,0x7BE37F2F,0x8BF3C604,0x10F2F11E,0x91D36386,0x1F57A1E3,0x7772F578,0x3D8CB8E3,0x6889EBDD,
            0xB2FA9F0F,0x7A280F99,0xAE43D6E9,0xB2F0779E,0xFEA1CFBC,0x0517A7EC,0xF03EAF5C,0x1EB65BE3,0x4D21F52C,0x60F6AE1F,
            0xBC1E07A3,0x4A73E0C9,0x508EF19F,0xD0788ACF,0x1ED943D6,0x8788F560,0xE2CD8D07,0x148F47A1,0x979DB3BA,0xA1FA603E,
            0x60F7F6E8,0x3D32A7B8,0xB079E9B6,0xC1F2AB1F,0xB9746F60,0xF9E93C7D,0xABCF31C1,0x67D93479,0x3C2EBCFA,0x7526EF09,
            0xCFD27B24,0x2765E661,0x23F6B79F,0xCC147DD1,0x73AE0FEC,0xD1307803,0x531E47B3,0x1F7021FA,0x968EF44A,0x24FA20CF,
            0x73D23B8C,0xEF714ECB,0x2140FDB6,0x69F9921F,0x7E7CCF09,0x8D43D70B,0x21F0865F,0x6F4FEF3D,0xCCA27A01,0x92DEFD83,
            0xF78ABEFD,0xFE723F42,0x156F516D,0x07D8967D,0xCD30BCA1,0xCF3425E7,0xCCE0788F,0xD21E83C3,0x8FEC59F6,0x7BC40F6A,
            0xEC43DD60,0x48F74D1E,0x3D0FD794,0x368EED80,0xF84F2FAA,0xE007A47C,0x63E92FBD,0x965E5FA4,0xF4787E73,0xCAE219DC,
            0x3BBE40F3,0x29E9B9C2,0x7EA68F54,0xEA15D92C,0xE56E1273,0xA5BAF0F4,0x629C3597,0x11EF9C3E,0x70F13AE5,0x3CEFA7A2,
            0xBBFDF642,0x407B3B0F,0x1CE8C9C6,0x038BDCF0,0x0EF163D5,0x78CACF28,0x0E0CC080,0xF57C5F3A,0x6CBD0343,0x9F2301E2,
            0x8ED9F2C8,0x9CC79367,0x0E91EF4C,0xA987B8F7,0xC29E4BDC,0xA79ED8F0,0xD18A7DEC,0xF9F1068F,0xB0505F40,0x1C6A079A,
            0x76981E9D,0x3C1CB9D4,0x1AB5EC00,0x19F7245F,0xE15F1F7C,0x213EAB0B,0xEF7A19E3,0x9FA8F9E4,0x1887BA27,0x3DE7363D,
            0xF5DF9F5D,0x8B70F114,0x991C6147,0xB6770E8E,0x5C9DFC87,0x48F5791E,0x2447828B,0xF3E2E03D,0xE9B6BE01,0x226FAFD5,
            0x333CC8BA,0x0F7019E0,0x7CCB3922,0x9307E992,0x21EDEF3C,0x163B33AF,0x0CFF4A3C,0x4FAE1AF9,0x2BF1FD7F,0x08F3463E,
            0x4775FF1F,0x3BD0D57B,0xF7799F75,0x3E0FF8E0,0x27CC90F5,0xFF813DF5,0xF13F50C3,0x7E73DEF0,0xF3C3D278,0x72A9DFCF,
            0x0C1739FD,0x6F086A20,0xF5F57A92,0x66C1EBA5,0x2078880F,0x61EC41CF,0xB9436905,0xFCC13CAF,0x645F7641,0x88B748F6,
            0xD2D34B63,0x5B8B2ACE,0x3166C9C0,0x3B849637,0x1064C1C4,0xEDBAB90B,0x2A7580E8,0x01C14079,0x567330E8,0xAA9DB039,
            0xB40759EE,0x4444C624,0x8207470D,0xCEB91DF1,0x39A36524,0x14E8EDE2,0x3C9C15B3,0x89B7401E,0x8E68D263,0x60BB230F,
            0x4821E06C,0x7CB19787,0xEFBFF132,0xF30EBFBA,0xDD7F978F,0xFA29EA9A,0xA3A63624,0x402E88D4,0xE4C89E93,0xDBB335CE,
            0xE361CE5E,0x88437120,0x8E44CEDA,0xF898AB48,0x83BE8626,0x66771C09,0xC8C38A33,0x1400E3E1,0xD03BA632,0xC7538EF8,
            0x1D59EC87,0x0F3A8E5A,0xFE607BA6,0x9474D61A,0x0EC8D9DA,0xA4070101,0xC459BABC,0x614E571F,0xD303AD87,0x477767C1,
            0x55D48385,0x85D76F6D,0x72C4CC93,0x1BA3708E,0x730228EA,0x63BD32A7,0xC8E719C7,0xB83A8470,0xB51626DD,0x240D8DA2,
            0xAB173865,0x049FC2FB,0xF763F846,0xEFA9C9FE,0x5AFF7D4D,0x7A9E8F3B,0xEBDFD0D7,0xA6BE94F6,0x5FDC686E,0x165FDF8E,
            0x26D234FF,0x69AE9AB5,0xF71EBF54,0xAFE5F36F,0xA72A3520,0xEC0F2FE8,0x0DF03D6F,0xCBF88318,0x23CBF8E3,0x5F58BB4E,
            0xDBFEE27C,0xE2DBFE11,0xFC08DE33,0xA1A49746,0xFFD1BD84,0x4D01044D,0x1BCA4915,0x5D5C4C41,0x57F00042,0xC567F682,
            0xB2F006FC,0xBF91D2BF,0xB288EAD2,0xA73C2CDD,0x69330C67,0x1F4E5098,0xB2620ACA,0xED87268E,0x7C41DEC3,0x87D4F740,
            0x07BE1D44,0x03FEB751,0x57F4D714,0x9757F34F,0x1255961F,0x46BF9E33,0x35FC0989,0x652B0FB4,0x6F78DB9A,0x56FBC675,
            0xE6BF8146,0xD1A6BF85,0xBF94ACB2,0x96BFB056,0xDAABA8DB,0xBFFDF715,0x632BC01F,0xEBFC2306,0xFF6BFAB4,0xFA00EBFD,
            0xCC0EAF6B,0x103E985B,0x18D207E1,0x3E50D952,0xC43FE4D0,0xE4C43FDF,0x0A092607,0x901FF92A,0xFE3FEFF9,0x9FC227EB,
            0x3C7BF627,0xFF1D81F1,0x2A3EF2A9,0x75773FC0,0xFE9E07DC,0x4A235420,0x3E66C018,0x07FB64A8,0xE61BF9AD,0x5D5A1BF9,
            0x8780485F,0xF4903251,0x849561A4,0x604D2434,0xCB5A0326,0xDFCB18DF,0x9778E698,0xBFBF34D2,0x31BFB5B1,0x7F36B9CD,
            0xCD0FC6C8,0xF035D654,0x61F8B50F,0xA6FEDA82,0x21A6FE3F,0xCC07670F,0x61FD8B0F,0xECEC3E6B,0x11825F80,0x05A4C2F4,
            0x33EF6ABF,0x2397BF18,0x896C6224,0xFF39F37F,0x011FF5E4,0xB507A56F,0xC5CDFD11,0x2E79CDFC,0x11F650F3,0xD8123F2B,
            0xE07526FC,0xFA6B9BF8,0x28FE939B,0xEE651F82,0x6FE2716F,0x8CA3F0D1,0xA190547F,0xC56FE935,0x6FFD8DE0,0x415BFACA,
            0xF8CF5BFE,0x58CD6B5B,0x306B01F8,0x60F91BA3,0x56FED2B2,0xE2D6FEEF,0xFAE34D0F,0xF31F8C98,0x6D6FF826,0xFAC36FE1,
            0x96B7F658,0x35BF9C33,0x063515E9,0x8FD1EC7E,0xF0A23243,0xD7E9FC51,0xFF79E9FC,0x6DFC7C6D,0x6D6DFE48,0xA60E6DFD,
            0xD1EDFD35,0x974EEDFC,0x1CFFEDFD,0xEFF6FEBC,0xE7813EF3,0x04FBA827,0x5B84F8A9,0x13256565,0x9F9844FB,0xE4EFEE68,
            0xFAA4EFE0,0xEFE4D4EF,0x1E2FFFE4,0xF3762FEB,0x6AAF72EF,0xD2EAFF2B,0xE5249F29,0x838BAAEF,0x3ABBF86A,0x49F48615,
            0xC1A93F76,0xCE9D1527,0xDFD4EEBF,0xC638E69D,0xFF62C9F3,0x1EFE850D,0x451EFFB4,0x48F7F486,0xC14F973E,0x12F629FC,
            0xD15EFEC2,0x7BF8488E,0xC914FDA3,0x7F7056FF,0x9F41A16F,0xDADFFFF2,0xFD0DEFEE,0x6A7FE353,0xBFB6D099,0x6FBF89EF,
            0xFFED4FC0,0x34C62469,0xFBB34FA1,0xF5D252EF,0xEFFE92EF,0xEBF7F3DA,0xF227F7F9,0xB0BB07F7,0xB3007FA4,0x0803FDC9,
            0xFCCA03FE,0xE5FF5203,0xCEA3FD64,0xE9B7067F,0xCFEA867D,0x6781F448,0x320A15FF,0xDC7FDE3E,0xD063E65F,0x2CBE1F13,
            0x088667E1,0xF168F82F,0x2023AD1F,0xE0FF7061,0x96E0FF16,0x14C499A3,0x2187BF36,0xBC30E72C,0x7F9C80AA,0xD9238770,
            0xE0C3FFCE,0xC0449B3F,0x4851FE80,0xFFC391FE,0xA3FE64A1,0xA3FE4334,0xFF7F0E75,0x239F91B1,0x6029252C,0x189BBD3C,
            0x3BA6AEF2,0x85CFA6A1,0x7A16B9F9,0xE7F4D73E,0x47FA0A8E,0xDC47F91A,0xB03CFA8E,0xEBEC479F,0x15F7FE73,0x73FE681D,
            0x9F3EE3A0,0x76F6D4DD,0x3747FA50,0xAD6B47FA,0xFE5CC398,0x487E68B1,0x69A8FF11,0x47F24733,0x3547F193,0xE27F90BF,
            0x427FA687,0xFCF5B9DB,0x13FDBD13,0xF6DE1E1D,0xDB1F39A5,0xC2C9FE5A,0xBF3389FE,0x0797F95C,0xF9E327F8,0x0AFDDDEF,
            0xF7629F6E,0x53FDE653,0xFECC1C03,0xBE6390C7,0x3D3FC262,0xF5A4FFC2,0x3FC854FF,0xFE3A22FD,0x19FED719,0xE612BF8C,
            0x4758AA57,0x32BE58D3,0xC06AFFF6,0x11FBDB3F,0xD5F6C0E3,0x7ABEBB31,0xD46F3FC3,0xFFF99EFF,0x6E61DADE,0xE67CFF43,
            0x6BF4335F,0x25458501,0x5FEC0D44,0x271C6C44,0xC98F0180,0x3EA9D9B1,0x88E63092,0x0D99AC18,0x1D2BC55E,0xBCC7ECF8,
            0x684903D5,0x44404040,0x6C484068,0x40404068,0x981E28C4,0x612E924D,0x9E7909E0,0xB2490264,0x079AB23B,0x280621DB,
            0x93126999,0x50BD6778,0x92492493,0x1A165914,0x49249249,0xE8596452,0xB316C00F,0xF696281E,0x1D464740,0xFAA21993,
            0x47599CB5,0xD0A09F3B,0xD0A0A0E0,0xC4B8C0E0,0x90D080F0,0xA8E6F8E0,0x48E098CC,0xB01F0617,0x1D9E9814,0x1FDE1152,
            0xA8B03A9E,0x47070740,0x38F8F4EE,0xAC7198BA,0xEB946636,0x7B27B8D0,0xD8507950,0xC3DA7BD1,0x0E2E0E4E,0x0C69CA8E,
            0x0D0C080B,0xF40E0A0A,0xDA6EBF41,0xF3B60E41,0x221F43EB,0x97834928,0x801FB4A4,0xE960C8BB,0x8D87C531,0x5D7EAFB1,
            0xC1E8881F,0x71AB1F40,0x81415118,0x53205054,0x03431282,0x52B09480,0xC587C464,0x253FA00E,0x20710859,0x0E011144,
            0x507C4441,0x88443850,0x8CDD8810,0x3DD9C27B,0x030901DD,0x6219361A,0x02A05429,0x00200102,0x00000030,0x03A2E202,
            0x00091511,0x9C21A111,0x20200000,0x80084000,0x04400130,0x00189080,0x80004040,0x02610010,0x21000880,0x774F7518,
            0x7B4F774F,0x774F774F,0x674F774F,0x774F674F,0x774F774F,0x7B4F774F,0x774F774F,0x674F774F,0x774F674F,0x774F774F,
            0x3A7AB74F,0xBA7B3A7B,0xDA7BBA7B,0xBA7BBA7B,0xBA7B3A7B,0x5A7BBA7B,0xBA7BBA7B,0xBA7B3A7B,0xBA7BBA7B,0xBA7B3A7B,
            0xBA7B3A7B,0xBA7BBA7B,0xBA7BBA7B,0xDA7BDA7B,0xD3D5BA7B,0x33DDD3DD,0x9EFA9EC4,0xF754F711,0xF7D4F7D4,0xBBA7AA2C,
            0xBBA7BBA7,0x473DD467,0x7B7D1D01,0xDCD3D9F6,0x6C73DCD3,0x4E0F88D2,0xF601E867,0xAACCF6D4,0xBD27B3A7,0xD3D940E7,
            0xD3DCD3DD,0xD3DCD3DD,0xD3DF53DD,0xD3DAD3DD,0xD3DAD3DD,0xD3DFD3DD,0x9EE433D9,0xF734F641,0xB7A7AF2C,0x73DE00E7,
            0xBCC9D2E2,0xF675BCE7,0x0485C4BE,0x84444404,0x25370DF4,0xA0202425,0x3C253F20,0x130E2422,0x9C4B5382,0x0813D894,
            0x49D9A80F,0x7B3CD3C3,0xDDD3DE06,0x0073D8D3,0xA7B041D2,0xA7B3A7B3,0xE7BEA7BB,0x7303A080,0xBA7BE0CF,0x9A7BBA7B,
            0x4E7B9A7B,0x1DEBE82E,0xF38A96D0,0x413116CE,0x985852ED,0x837642E2,0x436D2B81,0xCB0AFD11,0x0300BC3A,0x224672D7,
            0x517567AE,0xC45AC840,0xF028211D,0x16109718,0x3C38D616,0xEFE34F8C,0x0B0B084B,0x63D9DC6B,0x0202027C,0x17064202,
            0xD7A0A010,0xF674F6F4,0xF774F774,0x00E7AC2C,0xD3DDD3D8,0xD3DDD3DD,0x10C073DD,0xE9EF5075,0xE90939EE,0xD9D3D814,
            0xDDD3D9D3,0xDDD3DDD3,0xD9D3DDD3,0x039E88B3,0x4F774F70,0xCF674F77,0xA6F4149B,0x9EEE9EC4,0x9EEE9ECE,0x9ECE9EEE,
            0x9EEE9EEE,0xF5459EEE,0x4ACCF774,0xA7B5A1D4,0xA7BDA7BB,0x314DE7BB,0x4F6CD37A,0xCF774F67,0x7A614A21,0xB4DE9F43,
            0xD3DDD3D9,0xD3DDD3DD,0xD3DDD3D9,0x922873DD,0xE9ED3874,0xE9ECE9EE,0xE9EEE9EE,0xE9EEE9EE,0xE9EEE9EC,0xE9ECE9EC,
            0xC9EEE9EE,0x380A094F,0x7BD91C4C,0xD7E67BBA,0xDDD3DDD3,0x26F3DDD3,0x53F1BD0E,0xF1BD4514,0xEE766F4D,0xEEE9EEE9,
            0x774F5859,0x774F774F,0xF4349BCF,0xEE9EECE6,0xEE9EFA9E,0x74F5859E,0x74F774F7,0x46C9BCF7,0x4515446F,0xB951D451,
            0xC8E7BBA7,0xA8A28A20,0x774F65A3,0x774F774F,0xAF0695CF,0xBD4512D5,0xADAF1B36,0xD6BD4512,0x1275AF18,0xBC66DAF5,
            0x6BD44876,0x38DAF1FD,0xE76BD451,0x513DDAF1,0xF1B36BD4,0xD4512ADA,0xDAF1AF6B,0x6BD4512F,0x3EDAF1EB,0xC7FDAF51,
            0xBD44E0EB,0x5DAF1876,0x0EBD4512,0xC02475F9,0xDAF1B76B,0xEBD4512B,0x2E3AF1A8,0xA8EBD451,0x22020243,0x4B5E4222,
            0x24924925,0x24F29249,0x49249249,0x4924F0D2,0xD2492492,0x3AF1D8EB,0x8671D7AE,0xEC6EBD86,0x2E00A0F5,0x79516FB1,
            0xDC6C6B1D,0x8F5EB6EB,0xC3D7801B,0x471BAF00,0x70DE6E5E,0x0187D781,0x4445A7AF,0x0622423C,0x6A5F040E,0x3AF262DF,
            0xD7D0B0C2,0x32DEBDA3,0x0A8A6F01,0x884B1808,0x54161787,0x15155013,0xC5AEF410,0xBF148377,0xDDE0376B,0x90534A10,
            0x20A51482,0x60284535,0x8F512A98,0x3CC387A4,0x20202330,0x20202020,0x20202020,0x20202820,0x4208410A,0xD2308210,
            0x04046559,0x04040404,0x04040404,0x04050404,0x41082144,0x46104208,0x4949393A,0x2EB8161F,0x3E84BF16,0x05AC25F8,
            0x900A4924,0x050080A4,0x4A924028,0x7EE21383,0x1E6232D9,0xB09015C3,0x30CE9D15,0xB0A880A6,0x2A870011,0x6BA5D0E0,
            0x038B17CB,0xC4831292,0x47044BC7,0x450CBF7C,0x241CC001,0x493E9751,0x836D0161,0xA5A22294,0x4940D088,0x4452D161,
            0x05852524,0x8A520DB4,0x42229688,0x45852503,0x5191114B,0x00C008C1,0x61084830,0x8D100308,0x687D0800,0x20423C46,
            0x10A060F4,0x000C0084,0x1818A1BD,0xA0418E06,0x04188911,0x008D111A,0x831E2184,0x21122340,0x688D0C0C,0x21622342,
            0x42042004,0x200E061B,0x08111222,0x4C801643,0x8D100000,0x19212440,0x18800021,0x30182D00,0x10448062,0x20640002,
            0x8C004600,0x30011800,0xA0046002,0x423D400C,0x020183D1,0x80204208,0x00000040,0x00122144,0x200910A2,0x32263A2A,
            0x4011922A,0x54644C78,0x10E22324,0x4600200B,0x18200000,0x20000021,0x42082118,0x92AB8020,0xC4B80220,0x00000000,
            0x046BA81B,0x380003D6,0x35D7543C,0xA8B54F62,0xA0BAD75B,0xA1C5A2E2,0xA161456E,0x001B2765,0x520304F0,0x80015180,
            0x2998F757,0xE0000000,0x4768DB65,0x6C30320B,0x1905A044,0x86044788,0x0828610A,0x0421E0C2,0x682D0822,0x10A21744,
            0x18026180,0x8E903200,0xC10D0C4E,0xD0223218,0x20B46682,0x3218C103,0x010D10A2,0x82D00088,0x830D0C4E,0x019A0B47,
            0x320B4000,0xA4588C10,0x46431020,0x83D14214,0x02884201,0x086682D1,0x90FA2844,0x00360C01,0x47A82D81,0x84388834,
            0x38882083,0x6D082384,0x0C3847A8,0x20E10E22,0xA000D0A2,0xE220D11E,0x20820E10,0x1E8E10E2,0x0688F500,0xF4708711,
            0x10188060,0x1C8E11EA,0x1F184315,0x0862A986,0x5530C3E3,0xC540A10C,0x0C540A10,0xA6187C61,0x0F8C218A,0x843154C3,
            0x2A9861F1,0x0C3E3086,0x0A10C553,0x40A10C54,0x87C610C5,0x7C6B17A1,0x843154C3,0x2A9861F1,0x8C3E3086,0x8980001F,
            0x00000001,0x00000000,0x00000000,0x00000000,0x7A718000,0xD060407C,0xB13C1D38,0x302020C0,0xD898A268,0x31BE3544,
            0x1802783B,0xF1A183B3,0x45C1D98D,0xECC6061A,0x89E292E0,0x13418101,0x0152C4C5,0x00000000,0x00000000,0x00000000,
            0xE0000000,0x0001FA23,0x00000000,0x11451451,0x00000000,0x28A20000,0xE000228A,0x250684C3,0x08544A88,0x00000000,
            0x20000000,0x50B80230,0x088957E3,0x574E1A58,0x8F482B75,0xCF8C8A8A,0xA7C5E43B,0xED700A1D,0x491962FB,0xC7A110F1,
            0xAFDF014B,0x94927103,0x7E08388A,0x090FC272,0x0824B7C1,0xC13C3E39,0x181D54F2,0x3013F011,0x229971F8,0x04454202,
            0xAB29FC19,0x7FBD4A09,0xE3DC7B8C,0xC7BAF71E,0x607B627D,0xF3076CC7,0xEE3FD845,0x34865CD0,0x301DD9F2,0x358EB1C6,
            0x7236F81D,0x1A01FAEA,0x7BE48FE6,0xD572F810,0x40079AA0,0xE3DC7B8E,0xC7B8F71E,0x8F71EE3D,0x5EE3D463,0x9A7ACDE8,
            0x3FE5C947,0x0A33EDE2,0x52794E15,0x9AE3D8A3,0x65EC2A3E,0x75AA34A8,0xC3986343,0xEE30D6F0,0x4C7B8C75,0xC1E4D863,
            0x8371F068,0x901E183D,0xF61CA5DF,0xE763F7E0,0x38ACED35,0x9FEA1FE0,0xEA85DAA3,0x08E87434,0x00880002,0xC5E0362F,
            0x81D8BC16,0xE2F07B17,0xC11C5E00,0x7178138B,0x512E2E86,0x41AE2F00,0x1783B8BC,0x09E2F00F,0x8BC1BC5E,0x03F1782F,
            0xA0B7187F,0x00D1F82B,0x0D1C42BA,0xD1E42BA0,0x34ACBA00,0x46D59742,0x08D6B2E8,0x2BC1615E,0x01A5781C,0x83E0B3AF,
            0x2307C111,0x4BC87C01,0x9050F810,0x2EA1F030,0x4343E041,0x5A30F8C2,0x917461E8,0x185B187C,0x3E00C61F,0xDDC74625,
            0x29F020C0,0xFD71D051,0x85FA9B41,0x0A090C20,0x1EDA53D2,0x8BE68D71,0x5440406C,0xFE3494DA,0xD42BF520,0xB61A6724,
            0xE8622942,0x6A4E3C97,0x65CB7741,0x2233A88C,0x0782642E,0x0704259E,0x92C79A94,0xE1FE102F,0xBD779640,0x99F998A8,
            0x303F99A0,0x3BC9EB24,0x0506052E,0x06064746,0x66411E06,0xB36F5CB7,0xFC3331BB,0x8D20F5B2,0x83661F50,0xEF9FD34E,
            0x3FB743EB,0x09034E3C,0x51971EFA,0x130C038F,0x00C922A3,0x428B0487,0x60908980,0x090C1104,0xC2420315,0x6A2E02C3,
            0x7F128F71,0x97C03D6C,0x17F1055D,0x58BE1282,0x71EDB23D,0x734A7CBC,0x2809C550,0x84F847C6,0x543C0F6D,0x0FCCE481,
            0x4878B398,0x196301D6,0x4303F807,0xCC7486FC,0xE7D0640B,0xC4FD3AE1,0x92C8347C,0x1A899C59,0x01FD4E79,0x1D6C39BA,
            0x06B5D67E,0xD8F30D45,0x181111D3,0x054DEDB7,0x046B8404,0x4B1C0E7D,0xA407B048,0x96E9D0D0,0x947A8405,0xD1A19501,
            0xE43D8852,0x494F95CB,0xB0B6E5D7,0x04260740,0x1780F04D,0x0560B99A,0x1CBB1E07,0xD5F9A0F4,0xD2F97A7C,0x0FAA1EC1,
            0x1F4101B1,0x02F2370A,0x01CB00FC,0x071A77EC,0xE86123E7,0xB8FEF387,0x7E530508,0x5C706788,0x707A36B0,0x111EF53F,
            0x9143522B,0x05064D10,0x283C2223,0x00D02C30,0xB0C0B0C4,0x00C080F0,0x604325C5,0xB0A02050,0xA50440C0,0x98283B25,
            0x80E85840,0xB5601806,0x27234795,0x0D0B081B,0x108502A2,0x490C9807,0x0A0D0F88,0xE0487408,0xF3A03171,0x788F9A89,
            0x45762FE4,0x4309C050,0xF42AA27A,0xAE63F2C4,0x020A984E,0x0000804F,
        };
    }
}